itemID,itemName,itemQuantity,unitCost,totalCost,created_at,updated_at,classificationID_id,measurementID_id
01-001,"Chlorine Dioxide - Liquid",0,0,0,"2025-02-27 05:54:17.901876","2025-02-27 05:54:17.901882",1,22
01-002,"Chlorine Dioxide - Powder",0,0,0,"2025-02-27 05:54:17.913271","2025-02-27 05:54:17.913274",1,9
01-003,"Chlorine Granules",0,0,0,"2025-02-27 05:54:17.918575","2025-02-27 05:54:17.918581",1,9
02-001,Asphalt,0,0,0,"2025-02-27 05:54:17.923358","2025-02-27 05:54:17.923361",2,10
02-002,"Cement- RIZAL",0,0,0,"2025-02-27 05:54:17.928385","2025-02-27 05:54:17.928388",2,4
02-003,Gravel,0,0,0,"2025-02-27 05:54:17.933098","2025-02-27 05:54:17.933102",2,19
02-004,"White Sand",0,0,0,"2025-02-27 05:54:17.937554","2025-02-27 05:54:17.937557",2,19
02-005,"Concrete Hollow Blocks",0,0,0,"2025-02-27 05:54:17.942337","2025-02-27 05:54:17.942340",2,1
02-006,"Flexible Hose- Flexible Oppo",0,0,0,"2025-02-27 05:54:17.947482","2025-02-27 05:54:17.947485",2,15
02-007,"C-Clamp PVC",0,0,0,"2025-02-27 05:54:17.953046","2025-02-27 05:54:17.953050",2,19
02-008,"THHN 14" - BOSTON",0,0,0,"2025-02-27 05:54:17.957469","2025-02-27 05:54:17.957473",2,19
02-009,"FI Hose 1/2 x 1/2 x 24",0,0,0,"2025-02-27 05:54:17.962855","2025-02-27 05:54:17.962858",2,19
02-010,"Flexible Hose 1/2 X 50 - OMEGA",0,0,0,"2025-02-27 05:54:17.967643","2025-02-27 05:54:17.967647",2,20
02-011,"Flexible Hose 3/8",0,0,0,"2025-02-27 05:54:17.971865","2025-02-27 05:54:17.971868",2,19
02-012,"Skim Coat- ABC",0,0,0,"2025-02-27 05:54:17.977043","2025-02-27 05:54:17.977045",2,19
02-013,"Angle Valve 1/2 x 3/8",0,0,0,"2025-02-27 05:54:17.981994","2025-02-27 05:54:17.981998",2,19
02-014,"Angle Valve 1/2 x 1/2",0,0,0,"2025-02-27 05:54:17.985975","2025-02-27 05:54:17.985978",2,19
02-015,"Angle Valve 1/2 x 3/4",0,0,0,"2025-02-27 05:54:17.991090","2025-02-27 05:54:17.991093",2,19
02-016,"C Purlins 2x3 GI 1.4",0,0,0,"2025-02-27 05:54:17.996047","2025-02-27 05:54:17.996052",2,19
02-017,"Angel Bar 4.5mm x 2",0,0,0,"2025-02-27 05:54:18.001159","2025-02-27 05:54:18.001166",2,19
02-018,"Goose Neck Faucet- SUNRISE",0,0,0,"2025-02-27 05:54:18.005594","2025-02-27 05:54:18.005596",2,19
02-019,"Lavatory Valve",0,0,0,"2025-02-27 05:54:18.010416","2025-02-27 05:54:18.010419",2,19
02-020,"Faucet Brass hose Bibb- HAWK",0,0,0,"2025-02-27 05:54:18.015553","2025-02-27 05:54:18.015561",2,19
02-021,"Two-Way Faucet Valve",0,0,0,"2025-02-27 05:54:18.020064","2025-02-27 05:54:18.020067",2,19
02-022,"Lavatory Faucet",0,0,0,"2025-02-27 05:54:18.024976","2025-02-27 05:54:18.024979",2,19
02-023,"Diamond Cutting Disc",0,0,0,"2025-02-27 05:54:18.030197","2025-02-27 05:54:18.030200",2,19
02-024,"Cable Tie 6 x 2mm - POWER HOUSE",0,0,0,"2025-02-27 05:54:18.034405","2025-02-27 05:54:18.034408",2,16
02-025,"Padlock - Hardware",0,0,0,"2025-02-27 05:54:18.039320","2025-02-27 05:54:18.039323",2,19
02-026,"Hardiflex 3/16 - JAMES HARDI",0,0,0,"2025-02-27 05:54:18.044161","2025-02-27 05:54:18.044166",2,19
02-027,"Two Gang Outlet - ROYU",0,0,0,"2025-02-27 05:54:18.048429","2025-02-27 05:54:18.048432",2,19
02-028,Hook,0,0,0,"2025-02-27 05:54:18.053366","2025-02-27 05:54:18.053368",2,19
02-029,"Aluminum Silver (PAINT)",0,0,0,"2025-02-27 05:54:18.058278","2025-02-27 05:54:18.058283",2,19
02-030,"Welding Rod 6013 Special- LOCAL",0,0,0,"2025-02-27 05:54:18.062337","2025-02-27 05:54:18.062340",2,11
02-031,"Tie Wire",0,0,0,"2025-02-27 05:54:18.067206","2025-02-27 05:54:18.067208",2,11
02-032,"Bosny Black- Pylox",0,0,0,"2025-02-27 05:54:18.071881","2025-02-27 05:54:18.071885",2,8
02-033,"Electrical Tape- BIG Armak",0,0,0,"2025-02-27 05:54:18.076460","2025-02-27 05:54:18.076463",2,19
02-034,"Masking Tape 3/4",0,0,0,"2025-02-27 05:54:18.081590","2025-02-27 05:54:18.081593",2,19
02-035,"Regular Plug",0,0,0,"2025-02-27 05:54:18.086011","2025-02-27 05:54:18.086015",2,19
02-036,"Three Gang Outlet",0,0,0,"2025-02-27 05:54:18.092316","2025-02-27 05:54:18.092321",2,19
02-037,"Marine Ply Wood - 3/4",0,0,0,"2025-02-27 05:54:18.096370","2025-02-27 05:54:18.096373",2,19
02-038,Barateha,0,0,0,"2025-02-27 05:54:18.101074","2025-02-27 05:54:18.101076",2,19
02-039,"Piano Hinges",0,0,0,"2025-02-27 05:54:18.106396","2025-02-27 05:54:18.106401",2,19
02-040,"Concrete Nail 1 1/2",0,0,0,"2025-02-27 05:54:18.111217","2025-02-27 05:54:18.111220",2,11
02-041,"Stikwel - Wood Glue",0,0,0,"2025-02-27 05:54:18.116250","2025-02-27 05:54:18.116253",2,12
02-042,"Cabinet Handle",0,0,0,"2025-02-27 05:54:18.121375","2025-02-27 05:54:18.121378",2,19
02-043,"Thalo blue - Acrylic",0,0,0,"2025-02-27 05:54:18.126108","2025-02-27 05:54:18.126115",2,12
02-044,"THHN 12" - BOSTON",0,0,0,"2025-02-27 05:54:18.131108","2025-02-27 05:54:18.131111",2,5
02-045,"THNN 14 - BOSTON",0,0,0,"2025-02-27 05:54:18.136821","2025-02-27 05:54:18.136829",2,5
02-046,"BLIND RIVITS 1/8 X 3/4",0,0,0,"2025-02-27 05:54:18.143128","2025-02-27 05:54:18.143131",2,5
02-047,"Cement spoon",0,0,0,"2025-02-27 05:54:18.148954","2025-02-27 05:54:18.148957",2,19
02-048,"Tubular 1 x 1 1.4",0,0,0,"2025-02-27 05:54:18.153873","2025-02-27 05:54:18.153882",2,19
02-049,"Cylindrical Hinges 3/4",0,0,0,"2025-02-27 05:54:18.158768","2025-02-27 05:54:18.158771",2,19
02-050,"Door Knob",0,0,0,"2025-02-27 05:54:18.164160","2025-02-27 05:54:18.164164",2,19
02-051,"Deform Bar - 10mm",0,0,0,"2025-02-27 05:54:18.169600","2025-02-27 05:54:18.169603",2,19
02-052,"PVC Door 60 x 210 w/ Hinges",0,0,0,"2025-02-27 05:54:18.174131","2025-02-27 05:54:18.174137",2,19
02-053,"Blue Clamp 1/2 - Hardware",0,0,0,"2025-02-27 05:54:18.179421","2025-02-27 05:54:18.179424",2,19
02-054,"Solignum- All aroud",0,0,0,"2025-02-27 05:54:18.185588","2025-02-27 05:54:18.185593",2,12
02-055,"Liha - 1000 & 100",0,0,0,"2025-02-27 05:54:18.191553","2025-02-27 05:54:18.191557",2,19
02-056,Tansi,0,0,0,"2025-02-27 05:54:18.197027","2025-02-27 05:54:18.197031",2,20
02-057,"Drill bit 5/16",0,0,0,"2025-02-27 05:54:18.201406","2025-02-27 05:54:18.201409",2,19
02-058,"Chalk stone",0,0,0,"2025-02-27 05:54:18.206352","2025-02-27 05:54:18.206355",2,19
02-059,"Epoxy primer",0,0,0,"2025-02-27 05:54:18.211139","2025-02-27 05:54:18.211142",2,12
02-060,"Latex Gloss - Paint",0,0,0,"2025-02-27 05:54:18.215346","2025-02-27 05:54:18.215349",2,12
02-061,"Sahara- ( water proofing )",0,0,0,"2025-02-27 05:54:18.220037","2025-02-27 05:54:18.220040",2,19
02-062,"Singer Oil",0,0,0,"2025-02-27 05:54:18.225074","2025-02-27 05:54:18.225077",2,19
02-063,Varnish,0,0,0,"2025-02-27 05:54:18.230012","2025-02-27 05:54:18.230018",2,12
02-064,"Rust Converter",0,0,0,"2025-02-27 05:54:18.234870","2025-02-27 05:54:18.234873",2,19
02-065,"WD - 40",0,0,0,"2025-02-27 05:54:18.239934","2025-02-27 05:54:18.239938",2,19
02-066,"Tape Measure",0,0,0,"2025-02-27 05:54:18.245079","2025-02-27 05:54:18.245084",2,19
02-067,"C. Clamp 3/4",0,0,0,"2025-02-27 05:54:18.249480","2025-02-27 05:54:18.249483",2,19
02-068,"C. Clamp 1"",0,0,0,"2025-02-27 05:54:18.254447","2025-02-27 05:54:18.254450",2,19
02-069,"Single Switch",0,0,0,"2025-02-27 05:54:18.259654","2025-02-27 05:54:18.259658",2,19
02-070,"Receptacle 4 x 4 - omni",0,0,0,"2025-02-27 05:54:18.264476","2025-02-27 05:54:18.264481",2,19
02-071,"Junction Box 4 x 4 - pvc",0,0,0,"2025-02-27 05:54:18.269343","2025-02-27 05:54:18.269345",2,19
02-072,"Utility Box 2 x 4 - pvc  - ROYU",0,0,0,"2025-02-27 05:54:18.274512","2025-02-27 05:54:18.274517",2,19
02-073,"1 Gang Switch- Panasonic",0,0,0,"2025-02-27 05:54:18.279176","2025-02-27 05:54:18.279184",2,21
02-074,"2 Gang Switch- Royu",0,0,0,"2025-02-27 05:54:18.283949","2025-02-27 05:54:18.283952",2,21
02-075,"Flat Hose 1/2",0,0,0,"2025-02-27 05:54:18.289135","2025-02-27 05:54:18.289144",2,20
02-076,"2 Gang Outlet- Panasonic",0,0,0,"2025-02-27 05:54:18.294569","2025-02-27 05:54:18.294573",2,21
02-077,"Blind Rivits 5/32 x 1/2",0,0,0,"2025-02-27 05:54:18.298737","2025-02-27 05:54:18.298740",2,5
02-078,"Bathroom Bidet-  SUNRISE",0,0,0,"2025-02-27 05:54:18.303389","2025-02-27 05:54:18.303392",2,21
02-079,"Concrete nail #2",0,0,0,"2025-02-27 05:54:18.308531","2025-02-27 05:54:18.308534",2,11
02-080,"Concrete nail #3",0,0,0,"2025-02-27 05:54:18.312316","2025-02-27 05:54:18.312319",2,11
02-081,"Tek screw 1 1/2",0,0,0,"2025-02-27 05:54:18.317499","2025-02-27 05:54:18.317502",2,19
02-082,"Hand Riveter",0,0,0,"2025-02-27 05:54:18.322493","2025-02-27 05:54:18.322496",2,19
02-083,"Tank Lever Flush",0,0,0,"2025-02-27 05:54:18.326835","2025-02-27 05:54:18.326839",2,19
02-084,"Tank Fittings",0,0,0,"2025-02-27 05:54:18.332287","2025-02-27 05:54:18.332291",2,21
02-085,"Electrical PVC Pipe 1/2 - (Orange)",0,0,0,"2025-02-27 05:54:18.339028","2025-02-27 05:54:18.339033",2,19
02-086,"PVC Pipe 4" ( Orange )",0,0,0,"2025-02-27 05:54:18.344416","2025-02-27 05:54:18.344420",2,19
02-087,"Elbow  4" ( Orange )",0,0,0,"2025-02-27 05:54:18.349642","2025-02-27 05:54:18.349650",2,19
02-088,"Clean Out Cover 4" pvc",0,0,0,"2025-02-27 05:54:18.355132","2025-02-27 05:54:18.355137",2,19
02-089,Pollituff,0,0,0,"2025-02-27 05:54:18.359944","2025-02-27 05:54:18.359947",2,12
02-090,"Hardener Cream",0,0,0,"2025-02-27 05:54:18.365191","2025-02-27 05:54:18.365194",2,19
02-091,Submeter,0,0,0,"2025-02-27 05:54:18.371411","2025-02-27 05:54:18.371414",2,19
02-092,"Expansion Bolt 3/5 x 3",0,0,0,"2025-02-27 05:54:18.376477","2025-02-27 05:54:18.376486",2,19
02-093,"Hinges 3 x 3",0,0,0,"2025-02-27 05:54:18.381903","2025-02-27 05:54:18.381909",2,19
02-094,"Plug Adapter",0,0,0,"2025-02-27 05:54:18.387024","2025-02-27 05:54:18.387027",2,19
02-095,"Grinding Disc- For Finishing",0,0,0,"2025-02-27 05:54:18.392091","2025-02-27 05:54:18.392094",2,19
02-096,Spatula,0,0,0,"2025-02-27 05:54:18.398249","2025-02-27 05:54:18.398254",2,19
02-097,"Wall Scrapper - (Paleta)",0,0,0,"2025-02-27 05:54:18.404323","2025-02-27 05:54:18.404328",2,19
02-098,"Blind Rivits  1/8 x 1/2 - LOCAL",0,0,0,"2025-02-27 05:54:18.408977","2025-02-27 05:54:18.408981",2,5
02-099,"Gunting ng Yero",0,0,0,"2025-02-27 05:54:18.414214","2025-02-27 05:54:18.414219",2,19
02-100,"Paint Remover",0,0,0,"2025-02-27 05:54:18.419515","2025-02-27 05:54:18.419518",2,19
02-101,Rugby,0,0,0,"2025-02-27 05:54:18.423916","2025-02-27 05:54:18.423919",2,6
02-102,"Rodela - Bakal",0,0,0,"2025-02-27 05:54:18.428864","2025-02-27 05:54:18.428867",2,19
02-103,"Rodela - Kahoy",0,0,0,"2025-02-27 05:54:18.434558","2025-02-27 05:54:18.434561",2,19
02-104,"Elasto Seal - water proofing sealant",0,0,0,"2025-02-27 05:54:18.439741","2025-02-27 05:54:18.439749",2,19
02-105,Rope,0,0,0,"2025-02-27 05:54:18.445904","2025-02-27 05:54:18.445913",2,14
02-106,"Circuit Breaker - 60A PLUG IN- GE",0,0,0,"2025-02-27 05:54:18.451295","2025-02-27 05:54:18.451298",2,19
02-107,"Toks screw",0,0,0,"2025-02-27 05:54:18.456752","2025-02-27 05:54:18.456755",2,19
02-108,"Elbow 2" Orange",0,0,0,"2025-02-27 05:54:18.462831","2025-02-27 05:54:18.462835",2,19
02-109,"PVC 2" Orange",0,0,0,"2025-02-27 05:54:18.468106","2025-02-27 05:54:18.468110",2,19
02-110,"Square Bar 10mm",0,0,0,"2025-02-27 05:54:18.473289","2025-02-27 05:54:18.473295",2,19
02-111,Sealant,0,0,0,"2025-02-27 05:54:18.478163","2025-02-27 05:54:18.478166",2,19
02-112,"Faucet - 6"",0,0,0,"2025-02-27 05:54:18.483219","2025-02-27 05:54:18.483222",2,19
02-113,"C. Clamp 1/2",0,0,0,"2025-02-27 05:54:18.489127","2025-02-27 05:54:18.489131",2,19
02-114,"Cocolumber 2 x 3 x 12",0,0,0,"2025-02-27 05:54:18.494420","2025-02-27 05:54:18.494425",2,19
02-115,"Flat Cord #14",0,0,0,"2025-02-27 05:54:18.499111","2025-02-27 05:54:18.499114",2,14
02-116,"Common Nail #3- LOCAL",0,0,0,"2025-02-27 05:54:18.504337","2025-02-27 05:54:18.504340",2,11
02-117,"Common Nail #2- LOCAL",0,0,0,"2025-02-27 05:54:18.509554","2025-02-27 05:54:18.509558",2,11
02-118,"Umbrella Nail",0,0,0,"2025-02-27 05:54:18.513905","2025-02-27 05:54:18.513908",2,11
02-119,"PVC Elbow 3/4 - Orange",0,0,0,"2025-02-27 05:54:18.519640","2025-02-27 05:54:18.519643",2,19
02-120,"PVC Pipe 3/4- Orange",0,0,0,"2025-02-27 05:54:18.524868","2025-02-27 05:54:18.524871",2,19
02-121,"PVC Pipe 2" Orange",0,0,0,"2025-02-27 05:54:18.529829","2025-02-27 05:54:18.529834",2,19
02-122,"PVC Pipe 3" Orange",0,0,0,"2025-02-27 05:54:18.534542","2025-02-27 05:54:18.534545",2,19
02-123,"P- Trap 2" Orange",0,0,0,"2025-02-27 05:54:18.540109","2025-02-27 05:54:18.540112",2,19
02-124,"Tee 2" Orange",0,0,0,"2025-02-27 05:54:18.545375","2025-02-27 05:54:18.545379",2,19
02-125,"Elbow 3" Orange",0,0,0,"2025-02-27 05:54:18.551423","2025-02-27 05:54:18.551428",2,19
02-126,"PVC- Y 3 x 2 -Orange",0,0,0,"2025-02-27 05:54:18.556307","2025-02-27 05:54:18.556314",2,19
02-127,"Clean Out Cover 3" pvc",0,0,0,"2025-02-27 05:54:18.561125","2025-02-27 05:54:18.561129",2,19
02-128,"Kiln Dry Wood- 1 1/2 x 2 x 12",0,0,0,"2025-02-27 05:54:18.566178","2025-02-27 05:54:18.566183",2,19
02-129,"Kiln Dry Wood- 1/2 x 2 x 12",0,0,0,"2025-02-27 05:54:18.571951","2025-02-27 05:54:18.571955",2,19
02-130,"Flat Disc",0,0,0,"2025-02-27 05:54:18.576552","2025-02-27 05:54:18.576555",2,19
02-131,"Flat Nail 1"",0,0,0,"2025-02-27 05:54:18.581571","2025-02-27 05:54:18.581575",2,11
02-132,"Flat Nail 1/2",0,0,0,"2025-02-27 05:54:18.586609","2025-02-27 05:54:18.586612",2,11
02-133,"Tile Trim",0,0,0,"2025-02-27 05:54:18.591514","2025-02-27 05:54:18.591519",2,19
02-134,"Kitchen Sink",0,0,0,"2025-02-27 05:54:18.596333","2025-02-27 05:54:18.596336",2,19
02-135,"PMR Strainer",0,0,0,"2025-02-27 05:54:18.601452","2025-02-27 05:54:18.601456",2,19
02-136,"Flex Hose - 1/2 x 16",0,0,0,"2025-02-27 05:54:18.606238","2025-02-27 05:54:18.606243",2,19
02-137,"Vulca Seal - BOSTIK",0,0,0,"2025-02-27 05:54:18.610802","2025-02-27 05:54:18.610805",2,12
02-138,"Metal Furring 0.5",0,0,0,"2025-02-27 05:54:18.616244","2025-02-27 05:54:18.616247",2,19
02-139,"QDE Enamel white",0,0,0,"2025-02-27 05:54:18.621516","2025-02-27 05:54:18.621519",2,2
02-140,"Hamba 80 x 210",0,0,0,"2025-02-27 05:54:18.626651","2025-02-27 05:54:18.626656",2,19
02-141,"Garden Hose 5/8- EXCEL",0,0,0,"2025-02-27 05:54:18.631745","2025-02-27 05:54:18.631750",2,14
02-142,"Hose- connector",0,0,0,"2025-02-27 05:54:18.637259","2025-02-27 05:54:18.637262",2,18
02-143,"PVC Pipe 1" -Orange",0,0,0,"2025-02-27 05:54:18.643231","2025-02-27 05:54:18.643234",2,18
02-144,"PVC  Elbow 1" -Orange",0,0,0,"2025-02-27 05:54:18.648724","2025-02-27 05:54:18.648728",2,18
02-145,"PVC  Male Adaptor 1" -Orange",0,0,0,"2025-02-27 05:54:18.653677","2025-02-27 05:54:18.653685",2,18
02-146,"LED Light 15W - OMNI",0,0,0,"2025-02-27 05:54:18.659603","2025-02-27 05:54:18.659606",2,18
02-147,"Baby Roller 4"- JUPITER",0,0,0,"2025-02-27 05:54:18.665635","2025-02-27 05:54:18.665639",2,18
02-148,"Screw Bit",0,0,0,"2025-02-27 05:54:18.671821","2025-02-27 05:54:18.671828",2,18
02-149,"End cap 1/2 PVC",0,0,0,"2025-02-27 05:54:18.678537","2025-02-27 05:54:18.678543",2,18
02-150,"Toilet Bowl",0,0,0,"2025-02-27 05:54:18.684066","2025-02-27 05:54:18.684069",2,18
02-151,"Cylindrical Hinges 1"",0,0,0,"2025-02-27 05:54:18.689023","2025-02-27 05:54:18.689029",2,18
02-152,"Cylindrical Hinges 1/2"",0,0,0,"2025-02-27 05:54:18.693956","2025-02-27 05:54:18.693959",2,18
02-153,"Blind Rivet 3/16 x 1/2",0,0,0,"2025-02-27 05:54:18.700102","2025-02-27 05:54:18.700105",2,5
02-154,"Universal Padlock -ACE",0,0,0,"2025-02-27 05:54:18.706310","2025-02-27 05:54:18.706313",2,19
02-155,"Sand Paper",0,0,0,"2025-02-27 05:54:18.714802","2025-02-27 05:54:18.714810",2,7
02-156,Squala,0,0,0,"2025-02-27 05:54:18.720958","2025-02-27 05:54:18.720962",2,19
02-157,"Hose Bibb Faucet",0,0,0,"2025-02-27 05:54:18.727172","2025-02-27 05:54:18.727177",2,19
02-158,"Flexi Bond",0,0,0,"2025-02-27 05:54:18.733355","2025-02-27 05:54:18.733359",2,2
02-159,"Paint Thinner- PUREE",0,0,0,"2025-02-27 05:54:18.739276","2025-02-27 05:54:18.739280",2,12
02-160,"Rubber Tape",0,0,0,"2025-02-27 05:54:18.745089","2025-02-27 05:54:18.745093",2,19
02-161,"Paint brush #2- HIPO",0,0,0,"2025-02-27 05:54:18.751159","2025-02-27 05:54:18.751166",2,19
02-162,"Drill bit 1/8 - DOORMER",0,0,0,"2025-02-27 05:54:18.758023","2025-02-27 05:54:18.758030",2,19
02-163,"Pipe 3/4 x 20 GI schd.40",0,0,0,"2025-02-27 05:54:18.764643","2025-02-27 05:54:18.764650",2,19
02-164,"Circuit Breaker - 30 A PLUG IN- GE",0,0,0,"2025-02-27 05:54:18.770998","2025-02-27 05:54:18.771003",2,19
02-165,"AC - Outlet",0,0,0,"2025-02-27 05:54:18.776634","2025-02-27 05:54:18.776638",2,19
02-166,"Black Screw",0,0,0,"2025-02-27 05:54:18.782700","2025-02-27 05:54:18.782707",2,19
02-167,"Insulation Foam",0,0,0,"2025-02-27 05:54:18.788691","2025-02-27 05:54:18.788696",2,14
02-168,"Metal Furring 0.6",0,0,0,"2025-02-27 05:54:18.794452","2025-02-27 05:54:18.794457",2,19
02-169,"3 Gang Switch - Royu",0,0,0,"2025-02-27 05:54:18.800251","2025-02-27 05:54:18.800257",2,19
02-170,"Universal Outlet - Royu",0,0,0,"2025-02-27 05:54:18.806815","2025-02-27 05:54:18.806822",2,19
02-171,"2 Gang- Royu",0,0,0,"2025-02-27 05:54:18.814682","2025-02-27 05:54:18.814693",2,19
02-172,"3 Gang- Royu",0,0,0,"2025-02-27 05:54:18.825465","2025-02-27 05:54:18.825470",2,21
02-173,"National Universal Outlet",0,0,0,"2025-02-27 05:54:18.831702","2025-02-27 05:54:18.831707",2,19
02-174,"National Outlet Classic",0,0,0,"2025-02-27 05:54:18.837679","2025-02-27 05:54:18.837686",2,19
02-175,"Phenolic Board 3/4",0,0,0,"2025-02-27 05:54:18.843573","2025-02-27 05:54:18.843577",2,19
02-176,"Lag Screw 3/1 x 13",0,0,0,"2025-02-27 05:54:18.849481","2025-02-27 05:54:18.849486",2,19
02-177,"Sanding Sealer Lacquer",0,0,0,"2025-02-27 05:54:18.854530","2025-02-27 05:54:18.854536",2,2
02-178,"Paint Brush #1- HIPO",0,0,0,"2025-02-27 05:54:18.860139","2025-02-27 05:54:18.860143",2,19
02-179,"Metal Screw",0,0,0,"2025-02-27 05:54:18.867020","2025-02-27 05:54:18.867025",2,19
02-180,"Mini Roller - Refill",0,0,0,"2025-02-27 05:54:18.872817","2025-02-27 05:54:18.872825",2,19
02-181,"Electrode Holder- 300amps",0,0,0,"2025-02-27 05:54:18.879283","2025-02-27 05:54:18.879291",2,19
02-182,"Sand Paper - #120",0,0,0,"2025-02-27 05:54:18.884964","2025-02-27 05:54:18.884968",2,19
02-183,"Steel Brush",0,0,0,"2025-02-27 05:54:18.890627","2025-02-27 05:54:18.890635",2,19
02-184,"Concrete Nail #4",0,0,0,"2025-02-27 05:54:18.896987","2025-02-27 05:54:18.896994",2,11
02-185,"QDE black- Paint",0,0,0,"2025-02-27 05:54:18.902200","2025-02-27 05:54:18.902204",2,13
02-186,"Panel Box - 4 hole 2x2",0,0,0,"2025-02-27 05:54:18.908443","2025-02-27 05:54:18.908447",2,18
02-187,"Circuit Breaker - 20 A PLUG IN- GE",0,0,0,"2025-02-27 05:54:18.914413","2025-02-27 05:54:18.914417",2,18
02-188,"Drill Bit 5/32",0,0,0,"2025-02-27 05:54:18.920804","2025-02-27 05:54:18.920808",2,18
02-189,"Concrete Nail - # 1",0,0,0,"2025-02-27 05:54:18.928169","2025-02-27 05:54:18.928174",2,11
02-190,"Mesh Tape / Gasa",0,0,0,"2025-02-27 05:54:18.934641","2025-02-27 05:54:18.934645",2,20
02-191,"Adhesive - Cement - ABC",0,0,0,"2025-02-27 05:54:18.940813","2025-02-27 05:54:18.940817",2,3
02-192,"QDE - Maple",0,0,0,"2025-02-27 05:54:18.946626","2025-02-27 05:54:18.946630",2,13
02-193,"Angle Valve - 1/2 ( 3 way )",0,0,0,"2025-02-27 05:54:18.951573","2025-02-27 05:54:18.951577",2,19
02-194,"Bolt and Nut - 10mm x 2 1/2",0,0,0,"2025-02-27 05:54:18.957679","2025-02-27 05:54:18.957684",2,19
02-195,"Drill Bit- 1/4 (concrete)",0,0,0,"2025-02-27 05:54:18.963374","2025-02-27 05:54:18.963379",2,19
02-196,"Drill Bit- 3/16 (concrete)",0,0,0,"2025-02-27 05:54:18.969224","2025-02-27 05:54:18.969229",2,19
02-197,"Screw w/ Tox - 3/16",0,0,0,"2025-02-27 05:54:18.974810","2025-02-27 05:54:18.974814",2,19
02-198,"Flexible Hose - 1/2 x 1/2 x 1/2",0,0,0,"2025-02-27 05:54:18.981213","2025-02-27 05:54:18.981218",2,19
02-199,"Spring Door",0,0,0,"2025-02-27 05:54:18.986487","2025-02-27 05:54:18.986492",2,19
02-200,"Flexible Hose - 1/2 x 1/2 x 1/8",0,0,0,"2025-02-27 05:54:18.992698","2025-02-27 05:54:18.992702",2,19
02-201,"Lavatory Bracket",0,0,0,"2025-02-27 05:54:18.998592","2025-02-27 05:54:18.998596",2,19
02-202,"Lavatory Fittings",0,0,0,"2025-02-27 05:54:19.004783","2025-02-27 05:54:19.004787",2,21
02-203,"Dyna Bolt 5/16",0,0,0,"2025-02-27 05:54:19.011062","2025-02-27 05:54:19.011066",2,19
02-204,"Terminal Battery",0,0,0,"2025-02-27 05:54:19.016977","2025-02-27 05:54:19.016982",2,19
02-205,"Moulding Strips-  3/4- ATLANTA",0,0,0,"2025-02-27 05:54:19.022721","2025-02-27 05:54:19.022725",2,19
02-206,"Atlanta PVC type - 1/2",0,0,0,"2025-02-27 05:54:19.027890","2025-02-27 05:54:19.027895",2,19
02-207,"Screw - #1",0,0,0,"2025-02-27 05:54:19.033387","2025-02-27 05:54:19.033391",2,19
02-208,"Amco Box Outlet",0,0,0,"2025-02-27 05:54:19.039108","2025-02-27 05:54:19.039113",2,19
02-209,"Plug In - 30 Amp",0,0,0,"2025-02-27 05:54:19.044591","2025-02-27 05:54:19.044595",2,19
02-210,"Duct Tape",0,0,0,"2025-02-27 05:54:19.050836","2025-02-27 05:54:19.050841",2,19
02-211,"Cutter Blade - hardware",0,0,0,"2025-02-27 05:54:19.056163","2025-02-27 05:54:19.056169",2,21
02-212,"Paint Tray",0,0,0,"2025-02-27 05:54:19.062258","2025-02-27 05:54:19.062263",2,19
02-213,"Half moon Wood",0,0,0,"2025-02-27 05:54:19.067963","2025-02-27 05:54:19.067968",2,19
02-214,"Junction Box 4 x 2 - pvc - OMNI",0,0,0,"2025-02-27 05:54:19.073812","2025-02-27 05:54:19.073820",2,19
02-215,"Pinlight Fixture Alum- AKARI",0,0,0,"2025-02-27 05:54:19.080301","2025-02-27 05:54:19.080306",2,19
02-216,"LED Light- 9w -FIREFLY",0,0,0,"2025-02-27 05:54:19.086305","2025-02-27 05:54:19.086309",2,19
02-217,"LED Ceiling Lamp Surface Type- 18w - OMNI",0,0,0,"2025-02-27 05:54:19.092803","2025-02-27 05:54:19.092807",2,19
02-218,"2 Gang Switch- PANASONIC",0,0,0,"2025-02-27 05:54:19.098660","2025-02-27 05:54:19.098669",2,19
02-219,"1 Gang 3 way Switch- PANASONIC",0,0,0,"2025-02-27 05:54:19.104666","2025-02-27 05:54:19.104671",2,19
02-220,"3 Gang Switch- PANASONIC",0,0,0,"2025-02-27 05:54:19.110400","2025-02-27 05:54:19.110405",2,19
02-221,"Faucet Stainless - WATERGATE",0,0,0,"2025-02-27 05:54:19.115881","2025-02-27 05:54:19.115886",2,19
02-222,"Faucet Brass - Gold -  WATERGATE",0,0,0,"2025-02-27 05:54:19.121855","2025-02-27 05:54:19.121859",2,19
02-223,"Junction Box Cover - OMNI",0,0,0,"2025-02-27 05:54:19.128014","2025-02-27 05:54:19.128018",2,19
02-224,"Hinges 35 x 35 x 2- GATEMAN",0,0,0,"2025-02-27 05:54:19.133875","2025-02-27 05:54:19.133880",2,19
02-225,"Circuit breaker 60A bolt-On - GE",0,0,0,"2025-02-27 05:54:19.139097","2025-02-27 05:54:19.139101",2,19
02-226,"Faucet hose bib white PVC - DOWEL",0,0,0,"2025-02-27 05:54:19.145146","2025-02-27 05:54:19.145150",2,19
02-227,"Hose Clamp 5/8 -",0,0,0,"2025-02-27 05:54:19.150943","2025-02-27 05:54:19.150948",2,19
02-228,"Angle Bar 5.0mm x 1 1/2",0,0,0,"2025-02-27 05:54:19.156822","2025-02-27 05:54:19.156827",2,19
02-229,"TILE 60 X 60 AK 6882",0,0,0,"2025-02-27 05:54:19.162955","2025-02-27 05:54:19.162960",2,19
02-230,"TILE 60 X 60 AK 6889",0,0,0,"2025-02-27 05:54:19.169423","2025-02-27 05:54:19.169428",2,19
02-231,"ALUM. Door Brown",0,0,0,"2025-02-27 05:54:19.176355","2025-02-27 05:54:19.176359",2,19
02-232,"MJ Water Closet",0,0,0,"2025-02-27 05:54:19.182824","2025-02-27 05:54:19.182828",2,19
02-233,"Grout White",0,0,0,"2025-02-27 05:54:19.188286","2025-02-27 05:54:19.188294",2,3
02-234,"TILE 60 x 60 FC 6013",0,0,0,"2025-02-27 05:54:19.194090","2025-02-27 05:54:19.194094",2,19
02-235,"Rib type 05.mm x 3.66m",0,0,0,"2025-02-27 05:54:19.200303","2025-02-27 05:54:19.200307",2,19
02-236,"Rib type 05.mm x 3.05m",0,0,0,"2025-02-27 05:54:19.206519","2025-02-27 05:54:19.206524",2,19
02-237,"Rib type 05.mm x 6.10m",0,0,0,"2025-02-27 05:54:19.211814","2025-02-27 05:54:19.211818",2,19
02-238,"Tek screw 12 x 55 steel",0,0,0,"2025-02-27 05:54:19.217580","2025-02-27 05:54:19.217585",2,19
02-239,"Panel Door 80 x 200  jamb 2 x 5 kd w/ holes",0,0,0,"2025-02-27 05:54:19.224029","2025-02-27 05:54:19.224033",2,21
02-240,"Ply Wood  ORDINARY 1/2- LOCAL",0,0,0,"2025-02-27 05:54:19.229148","2025-02-27 05:54:19.229152",2,19
02-241,"Cocolumber 2 x 2 x 10FT- LOCAL",0,0,0,"2025-02-27 05:54:19.235291","2025-02-27 05:54:19.235295",2,19
02-242,"G.I. Wire #16",0,0,0,"2025-02-27 05:54:19.241925","2025-02-27 05:54:19.241930",2,11
02-243,"Flat latex White - BOYSEN 30f - 100m",0,0,0,"2025-02-27 05:54:19.247568","2025-02-27 05:54:19.247573",2,17
02-244,"Flat latex White -MENNISOTA 30f - 100m",0,0,0,"2025-02-27 05:54:19.253468","2025-02-27 05:54:19.253473",2,17
02-245,"Flat latex White - COAT SAVER (solo88)",0,0,0,"2025-02-27 05:54:19.259202","2025-02-27 05:54:19.259207",2,17
02-246,"Latex Gloss White- COAT SAVER (solo99)",0,0,0,"2025-02-27 05:54:19.264306","2025-02-27 05:54:19.264313",2,17
02-247,"Roofing Paint Blue- RAIN OR SHINE",0,0,0,"2025-02-27 05:54:19.270427","2025-02-27 05:54:19.270431",2,17
02-248,"Acry Color Raw Sienna -DESTINY",0,0,0,"2025-02-27 05:54:19.276303","2025-02-27 05:54:19.276311",2,8
02-249,"Ting Ting Color Thalo Blue #16- DESTINY",0,0,0,"2025-02-27 05:54:19.282836","2025-02-27 05:54:19.282841",2,8
02-250,"Ting Ting Color Thalo Blue - BOYSEN (B2306)",0,0,0,"2025-02-27 05:54:19.288869","2025-02-27 05:54:19.288878",2,8
02-251,"Pylox Spray Paint Sky Blue",0,0,0,"2025-02-27 05:54:19.295227","2025-02-27 05:54:19.295236",2,8
02-252,"Pylox Spray Paint Silver",0,0,0,"2025-02-27 05:54:19.301813","2025-02-27 05:54:19.301818",2,8
02-253,"Spray Paint Pearl White- SAMURAI",0,0,0,"2025-02-27 05:54:19.307794","2025-02-27 05:54:19.307799",2,8
02-254,"Spray Paint Gloss Black- BOSNY",0,0,0,"2025-02-27 05:54:19.313944","2025-02-27 05:54:19.313951",2,2
02-255,"Spray Paint Light Sky Blue- NIPPON",0,0,0,"2025-02-27 05:54:19.319599","2025-02-27 05:54:19.319603",2,2
02-256,"Laquer Thinner- PUREE 3Ltr",0,0,0,"2025-02-27 05:54:19.325307","2025-02-27 05:54:19.325312",2,2
02-257,"Paint Thinner- LESCO 3Ltr",0,0,0,"2025-02-27 05:54:19.331368","2025-02-27 05:54:19.331372",2,2
02-258,"QDE - Yellow - SALAMAT BRO",0,0,0,"2025-02-27 05:54:19.337063","2025-02-27 05:54:19.337067",2,2
02-259,"QDE - Yellow - TKO",0,0,0,"2025-02-27 05:54:19.342712","2025-02-27 05:54:19.342717",2,2
02-260,"Prolux Glazing Putty White- DAVIES",0,0,0,"2025-02-27 05:54:19.349003","2025-02-27 05:54:19.349008",2,2
02-261,"Butterfly Paint Brush - 1/2",0,0,0,"2025-02-27 05:54:19.354158","2025-02-27 05:54:19.354162",2,19
02-262,"Fan Club Paint Brush - 1"",0,0,0,"2025-02-27 05:54:19.360760","2025-02-27 05:54:19.360765",2,19
02-263,"Fan Club Paint Brush - 2"",0,0,0,"2025-02-27 05:54:19.366803","2025-02-27 05:54:19.366808",2,19
02-264,"Butterfly Paint Brush - 3"",0,0,0,"2025-02-27 05:54:19.372467","2025-02-27 05:54:19.372472",2,19
02-265,"Butterfly Paint Brush - 4"",0,0,0,"2025-02-27 05:54:19.378771","2025-02-27 05:54:19.378775",2,19
02-266,"Acrylon Paint Roller - 7"",0,0,0,"2025-02-27 05:54:19.385507","2025-02-27 05:54:19.385511",2,19
02-267,"QDE- Black -DOMINO",0,0,0,"2025-02-27 05:54:19.391941","2025-02-27 05:54:19.391949",2,2
02-268,"GreenField Floodlight LED 50w",0,0,0,"2025-02-27 05:54:19.398370","2025-02-27 05:54:19.398375",2,19
02-269,"Flat White 16Ltrs. SINCLAIR",0,0,0,"2025-02-27 05:54:19.404791","2025-02-27 05:54:19.404796",2,17
02-270,"Pylox Spray Paint Heat Black",0,0,0,"2025-02-27 05:54:19.410876","2025-02-27 05:54:19.410882",2,8
02-271,"Build Rite Metal Primer Red Oxide -3ltr",0,0,0,"2025-02-27 05:54:19.416193","2025-02-27 05:54:19.416197",2,2
02-272,"Epoxy Reducer- PUREE",0,0,0,"2025-02-27 05:54:19.422663","2025-02-27 05:54:19.422668",2,2
02-273,"Laquer Flow- PUREE",0,0,0,"2025-02-27 05:54:19.428963","2025-02-27 05:54:19.428968",2,2
02-274,"Permacoat Gloss White B710- BOYSEN",0,0,0,"2025-02-27 05:54:19.435490","2025-02-27 05:54:19.435498",2,17
02-275,"Fast Dry Enamel White NS950- NATION",0,0,0,"2025-02-27 05:54:19.442591","2025-02-27 05:54:19.442596",2,2
02-276,"Exhaust Fan- OMNI",0,0,0,"2025-02-27 05:54:19.449019","2025-02-27 05:54:19.449024",2,19
02-277,"Yellow -RAIN OR SHINE",0,0,0,"2025-02-27 05:54:19.455341","2025-02-27 05:54:19.455346",2,2
02-278,"Royal Blue- RAIN OR SHINE",0,0,0,"2025-02-27 05:54:19.461826","2025-02-27 05:54:19.461831",2,2
02-279,"Door Closer- Lotus Tubular",0,0,0,"2025-02-27 05:54:19.468319","2025-02-27 05:54:19.468325",2,19
02-280,"QDE- White -BOYSEN",0,0,0,"2025-02-27 05:54:19.474238","2025-02-27 05:54:19.474247",2,2
02-281,"PANEL BOARD 6 HOLES PLUG IN- AMERICA",0,0,0,"2025-02-27 05:54:19.480232","2025-02-27 05:54:19.480239",2,18
02-282,"Flat Gloss- BOYSEN",0,0,0,"2025-02-27 05:54:19.486478","2025-02-27 05:54:19.486484",2,17
02-283,"QDE WHITE- BOYSEN (pail)",0,0,0,"2025-02-27 05:54:19.492730","2025-02-27 05:54:19.492733",2,17
02-284,"Ting ting Color Thalo Blue- BOYSEN",0,0,0,"2025-02-27 05:54:19.499136","2025-02-27 05:54:19.499141",2,12
02-285,"Guilder Epoxy primer Gray- BOYSEN",0,0,0,"2025-02-27 05:54:19.505235","2025-02-27 05:54:19.505240",2,2
02-286,"Acry Color Raw Sienna -BOYSEN",0,0,0,"2025-02-27 05:54:19.511026","2025-02-27 05:54:19.511029",2,8
02-287,"Acry Color Thalo Blue- BOYSEN",0,0,0,"2025-02-27 05:54:19.517146","2025-02-27 05:54:19.517153",2,8
02-288,"Roller Brush w/h 2b -ACRYLON",0,0,0,"2025-02-27 05:54:19.522971","2025-02-27 05:54:19.522976",2,19
02-289,"Baby Roller w/o- OMEGA",0,0,0,"2025-02-27 05:54:19.528689","2025-02-27 05:54:19.528697",2,19
02-290,"Zimcoat Skimcoat",0,0,0,"2025-02-27 05:54:19.534077","2025-02-27 05:54:19.534081",2,3
02-291,"Zimcoat Skimcoat",0,0,0,"2025-02-27 05:54:19.539060","2025-02-27 05:54:19.539063",2,3
02-292,"DIB Cable Tie 100pcs 7 in BLACK",0,0,0,"2025-02-27 05:54:19.544336","2025-02-27 05:54:19.544341",2,16
02-293,"Deform Bar - 16mm",0,0,0,"2025-02-27 05:54:19.549690","2025-02-27 05:54:19.549695",2,19
02-294,"1/4 Thick Plastic Acrylic 4 x 8",0,0,0,"2025-02-27 05:54:19.554649","2025-02-27 05:54:19.554652",2,19
02-295,"Anzahl Anti Corrosion",0,0,0,"2025-02-27 05:54:19.559967","2025-02-27 05:54:19.559971",2,12
02-296,"Anzahl Surfacer Primer",0,0,0,"2025-02-27 05:54:19.565422","2025-02-27 05:54:19.565425",2,12
02-297,"Anzahl White w/ Catalest",0,0,0,"2025-02-27 05:54:19.570631","2025-02-27 05:54:19.570636",2,2
02-298,"Urethane Thinner",0,0,0,"2025-02-27 05:54:19.575691","2025-02-27 05:54:19.575696",2,2
02-299,"Body Filler W/ Hardener",0,0,0,"2025-02-27 05:54:19.581256","2025-02-27 05:54:19.581259",2,2
02-300,"Sand Paper #100",0,0,0,"2025-02-27 05:54:19.586673","2025-02-27 05:54:19.586676",2,19
02-301,"Sand Paper 120" 400" 1200",0,0,0,"2025-02-27 05:54:19.592385","2025-02-27 05:54:19.592390",2,19
02-302,"Tiles 60 x 60 fc 6013",0,0,0,"2025-02-27 05:54:19.597155","2025-02-27 05:54:19.597159",2,19
02-303,"Tiles 60 x 60 fc 6889",0,0,0,"2025-02-27 05:54:19.602858","2025-02-27 05:54:19.602861",2,19
02-304,"Tiles 60 x 60 ak 6882",0,0,0,"2025-02-27 05:54:19.608259","2025-02-27 05:54:19.608262",2,19
02-305,"Tiles 60 x 60 ak 6888",0,0,0,"2025-02-27 05:54:19.613752","2025-02-27 05:54:19.613756",2,19
02-306,"MJ Water Closet bowl",0,0,0,"2025-02-27 05:54:19.620619","2025-02-27 05:54:19.620624",2,19
02-307,"Cable Tie 6x300",0,0,0,"2025-02-27 05:54:19.626983","2025-02-27 05:54:19.626988",2,16
02-308,"QDE WHITE- TKO",0,0,0,"2025-02-27 05:54:19.631552","2025-02-27 05:54:19.631555",2,2
02-309,"Junction Box- SHUTA",0,0,0,"2025-02-27 05:54:19.637483","2025-02-27 05:54:19.637491",2,19
02-310,"1 Gang Switch- ROYU",0,0,0,"2025-02-27 05:54:19.643472","2025-02-27 05:54:19.643475",2,19
02-311,"2 Gang Outlet Universal- FOCUS",0,0,0,"2025-02-27 05:54:19.649019","2025-02-27 05:54:19.649023",2,19
02-312,"PVC Pipe Orange 1/2- BIO",0,0,0,"2025-02-27 05:54:19.654246","2025-02-27 05:54:19.654252",2,19
02-313,"THHN WIRE 12"- MAX",0,0,0,"2025-02-27 05:54:19.659533","2025-02-27 05:54:19.659536",2,19
02-314,"Angle Valve 1/2" 2 way - HAWK",0,0,0,"2025-02-27 05:54:19.664637","2025-02-27 05:54:19.664640",2,19
02-315,"Faucet 2 way -HAWK",0,0,0,"2025-02-27 05:54:19.670111","2025-02-27 05:54:19.670116",2,19
02-316,"Supply Hose 1/2 x 1/2 - ITALY",0,0,0,"2025-02-27 05:54:19.675327","2025-02-27 05:54:19.675335",2,19
02-317,"Floor Drain 4 x 4- CHICAGO",0,0,0,"2025-02-27 05:54:19.680662","2025-02-27 05:54:19.680665",2,19
02-318,"Faucet s/s - HAWK",0,0,0,"2025-02-27 05:54:19.686719","2025-02-27 05:54:19.686722",2,19
02-319,"Cyclone Wire",0,0,0,"2025-02-27 05:54:19.692962","2025-02-27 05:54:19.692965",2,19
02-320,"Long Span Rib type 0.50m x 1220m Blue",0,0,0,"2025-02-27 05:54:19.698585","2025-02-27 05:54:19.698589",2,19
02-321,"C- Purlins 2 x 3 1.0",0,0,0,"2025-02-27 05:54:19.705030","2025-02-27 05:54:19.705033",2,19
02-322,"Deform Bar 12mm",0,0,0,"2025-02-27 05:54:19.710487","2025-02-27 05:54:19.710492",2,19
02-323,"Steel Matting 4 x 8 #8",0,0,0,"2025-02-27 05:54:19.716259","2025-02-27 05:54:19.716264",2,19
02-324,"Tubular 2 x 3 1.4",0,0,0,"2025-02-27 05:54:19.721128","2025-02-27 05:54:19.721131",2,19
03-001,"Air Release Valve 1" Brass",0,0,0,"2025-02-27 05:54:19.726462","2025-02-27 05:54:19.726465",3,19
03-002,"Air Release Valve 1" HDPE",0,0,0,"2025-02-27 05:54:19.731647","2025-02-27 05:54:19.731652",3,19
03-003,"Adaptor 2" CI",0,0,0,"2025-02-27 05:54:19.736256","2025-02-27 05:54:19.736260",3,19
03-004,"Adaptor 3" CI",0,0,0,"2025-02-27 05:54:19.741576","2025-02-27 05:54:19.741579",3,19
03-005,"Adaptor 4" CI",0,0,0,"2025-02-27 05:54:19.747063","2025-02-27 05:54:19.747067",3,19
03-006,"Adaptor 6" CI",0,0,0,"2025-02-27 05:54:19.752532","2025-02-27 05:54:19.752537",3,19
03-007,"Ball Valve 1"",0,0,0,"2025-02-27 05:54:19.757057","2025-02-27 05:54:19.757060",3,19
03-008,"Ball Valve 1/2 Lockwing - WIN",0,0,0,"2025-02-27 05:54:19.762575","2025-02-27 05:54:19.762578",3,19
03-009,"Ball Valve 1/2 Magnetic",0,0,0,"2025-02-27 05:54:19.767840","2025-02-27 05:54:19.767843",3,19
03-010,"Ball Valve 2"",0,0,0,"2025-02-27 05:54:19.773107","2025-02-27 05:54:19.773112",3,19
03-011,"Ball Valve 3/4" Lockwing",0,0,0,"2025-02-27 05:54:19.777998","2025-02-27 05:54:19.778001",3,19
03-012,"Bell Reducer 3 x 2 B.I",0,0,0,"2025-02-27 05:54:19.783459","2025-02-27 05:54:19.783462",3,19
03-013,"Bell Reducer 1 1/4 x 1" GI",0,0,0,"2025-02-27 05:54:19.788541","2025-02-27 05:54:19.788544",3,19
03-014,"Bell Reducer 1" x 3/4 GI",0,0,0,"2025-02-27 05:54:19.793894","2025-02-27 05:54:19.793899",3,19
03-015,"Bell Reducer 1/2 x 3/4 GI",0,0,0,"2025-02-27 05:54:19.798550","2025-02-27 05:54:19.798553",3,19
03-016,"Bell Reducer 2 x 1 GI",0,0,0,"2025-02-27 05:54:19.803870","2025-02-27 05:54:19.803873",3,19
03-017,"Bell Reducer 3 x 2 1/2",0,0,0,"2025-02-27 05:54:19.809392","2025-02-27 05:54:19.809395",3,19
03-018,"Bell Reducer 4 x 3 BI",0,0,0,"2025-02-27 05:54:19.814295","2025-02-27 05:54:19.814301",3,19
03-019,"Bell Reducer 6 x 4 BI",0,0,0,"2025-02-27 05:54:19.818778","2025-02-27 05:54:19.818781",3,19
03-020,"Bell Reducer 6 x 4 GI - Mechanical",0,0,0,"2025-02-27 05:54:19.823812","2025-02-27 05:54:19.823815",3,19
03-021,"Mechanical Elbow 8" 90 deg.",0,0,0,"2025-02-27 05:54:19.828993","2025-02-27 05:54:19.828998",3,19
03-022,"Mechanical Elbow 8" 90 deg.",0,0,0,"2025-02-27 05:54:19.833825","2025-02-27 05:54:19.833829",3,19
03-023,"Bushing 3/4 x 1/2 GI",0,0,0,"2025-02-27 05:54:19.839041","2025-02-27 05:54:19.839044",3,19
03-024,"Bushing 1 x 3/4 GI",0,0,0,"2025-02-27 05:54:19.844395","2025-02-27 05:54:19.844398",3,19
03-025,"Bushing 2 x 1 GI",0,0,0,"2025-02-27 05:54:19.849680","2025-02-27 05:54:19.849684",3,19
03-026,"Bushing 2 x 2 1/2 GI",0,0,0,"2025-02-27 05:54:19.855333","2025-02-27 05:54:19.855339",3,19
03-027,"Bushing 4 x 3/4 GI",0,0,0,"2025-02-27 05:54:19.861014","2025-02-27 05:54:19.861017",3,19
03-028,"Butterfly Valve 4"",0,0,0,"2025-02-27 05:54:19.866455","2025-02-27 05:54:19.866459",3,19
03-029,"Butterfly Valve 6"",0,0,0,"2025-02-27 05:54:19.871808","2025-02-27 05:54:19.871811",3,19
03-030,"Checkvalve 1" - Brass",0,0,0,"2025-02-27 05:54:19.877142","2025-02-27 05:54:19.877147",3,19
03-031,"Checkvalve 1/2" Brass",0,0,0,"2025-02-27 05:54:19.881933","2025-02-27 05:54:19.881936",3,19
03-032,"Checkvalve 1 1/2" Brass",0,0,0,"2025-02-27 05:54:19.887184","2025-02-27 05:54:19.887187",3,19
03-033,"Checkvalve 2" - Brass",0,0,0,"2025-02-27 05:54:19.892587","2025-02-27 05:54:19.892590",3,19
03-034,"Checkvalve 3" Brass",0,0,0,"2025-02-27 05:54:19.898047","2025-02-27 05:54:19.898056",3,19
03-035,"Checkvalve 4"",0,0,0,"2025-02-27 05:54:19.903056","2025-02-27 05:54:19.903060",3,19
03-036,"Checkvalve 6"",0,0,0,"2025-02-27 05:54:19.908612","2025-02-27 05:54:19.908615",3,19
03-037,"Checkvalve 6" CI",0,0,0,"2025-02-27 05:54:19.914184","2025-02-27 05:54:19.914188",3,19
03-038,"Coupling 1" GI (S40)",0,0,0,"2025-02-27 05:54:19.919241","2025-02-27 05:54:19.919245",3,19
03-039,"Coupling 1" GI (S80)",0,0,0,"2025-02-27 05:54:19.923835","2025-02-27 05:54:19.923838",3,19
03-040,"Coupling 1" HDPE",0,0,0,"2025-02-27 05:54:19.929536","2025-02-27 05:54:19.929544",3,19
03-041,"Coupling 1/2 GI",0,0,0,"2025-02-27 05:54:19.935313","2025-02-27 05:54:19.935316",3,19
03-042,"Coupling 1/2 PVC",0,0,0,"2025-02-27 05:54:19.941158","2025-02-27 05:54:19.941162",3,19
03-043,"Coupling 1/2 PVC w/ Thread",0,0,0,"2025-02-27 05:54:19.946626","2025-02-27 05:54:19.946631",3,19
03-044,"Coupling 1/2 HDPE",0,0,0,"2025-02-27 05:54:19.951223","2025-02-27 05:54:19.951226",3,19
03-045,"Coupling 2" GI",0,0,0,"2025-02-27 05:54:19.956618","2025-02-27 05:54:19.956623",3,19
03-046,"Coupling 2" HDPE",0,0,0,"2025-02-27 05:54:19.963199","2025-02-27 05:54:19.963203",3,19
03-047,"Coupling 3" GI",0,0,0,"2025-02-27 05:54:19.968871","2025-02-27 05:54:19.968876",3,19
03-048,"Coupling 3" HDPE",0,0,0,"2025-02-27 05:54:19.974456","2025-02-27 05:54:19.974461",3,19
03-049,"Coupling 3/4 GI",0,0,0,"2025-02-27 05:54:19.979225","2025-02-27 05:54:19.979228",3,19
03-050,"Coupling 3/4 HDPE",0,0,0,"2025-02-27 05:54:19.985038","2025-02-27 05:54:19.985041",3,19
03-051,"Coupling 4 GI",0,0,0,"2025-02-27 05:54:19.990908","2025-02-27 05:54:19.990912",3,19
03-052,"Coupling 4" HDPE- FISH",0,0,0,"2025-02-27 05:54:19.996077","2025-02-27 05:54:19.996081",3,19
03-053,"Coupling 4X3 GI (SCHED 80)",0,0,0,"2025-02-27 05:54:20.002117","2025-02-27 05:54:20.002125",3,19
03-054,"Coupling 6" GI",0,0,0,"2025-02-27 05:54:20.007559","2025-02-27 05:54:20.007565",3,19
03-055,"Coupling 6" HDPE",0,0,0,"2025-02-27 05:54:20.012786","2025-02-27 05:54:20.012789",3,19
03-056,"Coupling 3/4"  PVC",0,0,0,"2025-02-27 05:54:20.018572","2025-02-27 05:54:20.018575",3,19
03-057,"Coupling Reducer 3 x 2 - Mechanical",0,0,0,"2025-02-27 05:54:20.023894","2025-02-27 05:54:20.023898",3,19
03-058,"Coupling Reducer 3 x 2 NLC - FISH",0,0,0,"2025-02-27 05:54:20.028644","2025-02-27 05:54:20.028650",3,19
03-059,"Coupling Reducer 4 x 2 - Mechanical",0,0,0,"2025-02-27 05:54:20.033384","2025-02-27 05:54:20.033387",3,19
03-060,"Cross Tee 1" GI",0,0,0,"2025-02-27 05:54:20.038654","2025-02-27 05:54:20.038657",3,19
03-061,"Cross Tee 1/2 GI",0,0,0,"2025-02-27 05:54:20.043605","2025-02-27 05:54:20.043610",3,19
03-062,"Cross Tee 2" GI",0,0,0,"2025-02-27 05:54:20.048230","2025-02-27 05:54:20.048233",3,19
03-063,"Cross Tee 3 x 2 GI",0,0,0,"2025-02-27 05:54:20.054155","2025-02-27 05:54:20.054158",3,19
03-064,"Cross Tee 3" GI",0,0,0,"2025-02-27 05:54:20.059575","2025-02-27 05:54:20.059579",3,19
03-065,"Cross Tee 4 x 2 GI",0,0,0,"2025-02-27 05:54:20.065248","2025-02-27 05:54:20.065253",3,19
03-066,"Cross Tee 4 x 3 GI",0,0,0,"2025-02-27 05:54:20.070919","2025-02-27 05:54:20.070924",3,19
03-067,"Cross Tee 4" GI",0,0,0,"2025-02-27 05:54:20.075879","2025-02-27 05:54:20.075882",3,19
03-068,"Cross Tee 6 x 3",0,0,0,"2025-02-27 05:54:20.081299","2025-02-27 05:54:20.081305",3,19
03-069,"Elbow 45deg - Flange Type 6" CI",0,0,0,"2025-02-27 05:54:20.086977","2025-02-27 05:54:20.086980",3,19
03-070,"Elbow 90 deg - 4" BI",0,0,0,"2025-02-27 05:54:20.092463","2025-02-27 05:54:20.092468",3,19
03-071,"Elbow 90deg - Flange Type 6" CI",0,0,0,"2025-02-27 05:54:20.097590","2025-02-27 05:54:20.097593",3,19
03-072,"Elbow 1" GI",0,0,0,"2025-02-27 05:54:20.103710","2025-02-27 05:54:20.103714",3,19
03-073,"Elbow 1" GI 45 deg.",0,0,0,"2025-02-27 05:54:20.109369","2025-02-27 05:54:20.109373",3,19
03-074,"Elbow 1" HDPE",0,0,0,"2025-02-27 05:54:20.114278","2025-02-27 05:54:20.114282",3,19
03-075,"Elbow 1" PVC",0,0,0,"2025-02-27 05:54:20.119451","2025-02-27 05:54:20.119457",3,19
03-076,"Elbow 1/2 GI",0,0,0,"2025-02-27 05:54:20.124019","2025-02-27 05:54:20.124022",3,19
03-077,"Elbow 1/2 HDPE",0,0,0,"2025-02-27 05:54:20.129099","2025-02-27 05:54:20.129102",3,19
03-078,"Elbow 1/2 (plain)  PVC",0,0,0,"2025-02-27 05:54:20.135546","2025-02-27 05:54:20.135552",3,19
03-079,"Elbow 2" GI",0,0,0,"2025-02-27 05:54:20.140871","2025-02-27 05:54:20.140876",3,19
03-080,"Elbow 2" HDPE- FISH",0,0,0,"2025-02-27 05:54:20.145713","2025-02-27 05:54:20.145717",3,19
03-081,"Elbow 3" BI 45 deg.",0,0,0,"2025-02-27 05:54:20.151074","2025-02-27 05:54:20.151077",3,19
03-082,"Elbow 3" GI",0,0,0,"2025-02-27 05:54:20.156339","2025-02-27 05:54:20.156343",3,19
03-083,"Elbow 3" GI 45 deg.",0,0,0,"2025-02-27 05:54:20.161672","2025-02-27 05:54:20.161677",3,1
03-084,"Elbow 3" HDPE- FISH",0,0,0,"2025-02-27 05:54:20.166665","2025-02-27 05:54:20.166668",3,19
03-085,"Elbow 3/4 GI- JB",0,0,0,"2025-02-27 05:54:20.172155","2025-02-27 05:54:20.172159",3,19
03-086,"Elbow 3/4 HDPE",0,0,0,"2025-02-27 05:54:20.177461","2025-02-27 05:54:20.177465",3,19
03-087,"Elbow 4" 45deg (80) BI",0,0,0,"2025-02-27 05:54:20.182792","2025-02-27 05:54:20.182797",3,19
03-088,"Elbow 4" 45deg GI",0,0,0,"2025-02-27 05:54:20.188002","2025-02-27 05:54:20.188006",3,19
03-089,"Elbow 4" HDPE",0,0,0,"2025-02-27 05:54:20.193600","2025-02-27 05:54:20.193603",3,19
03-090,"Elbow 6" BI  45 DEG",0,0,0,"2025-02-27 05:54:20.198952","2025-02-27 05:54:20.198955",3,19
03-091,"Elbow 6" BI  90 DEG",0,0,0,"2025-02-27 05:54:20.204123","2025-02-27 05:54:20.204127",3,19
03-092,"Elbow Reducer 1" x 1 1/4 GI",0,0,0,"2025-02-27 05:54:20.209548","2025-02-27 05:54:20.209554",3,19
03-093,"Elbow Reducer 1" x 1/2 GI",0,0,0,"2025-02-27 05:54:20.214813","2025-02-27 05:54:20.214816",3,19
03-094,"Elbow Reducer 1" x 3/4 GI",0,0,0,"2025-02-27 05:54:20.220964","2025-02-27 05:54:20.220968",3,19
03-095,"Elbow Reducer 3/4 x 1/2 GI",0,0,0,"2025-02-27 05:54:20.227915","2025-02-27 05:54:20.227919",3,19
03-096,"Elbow Straight 1/2"",0,0,0,"2025-02-27 05:54:20.233811","2025-02-27 05:54:20.233814",3,19
03-097,"Elbow Straight 1"",0,0,0,"2025-02-27 05:54:20.239781","2025-02-27 05:54:20.239784",3,19
03-098,"Elbow Straight 3/4"",0,0,0,"2025-02-27 05:54:20.245001","2025-02-27 05:54:20.245009",3,19
03-099,"Elbow Threaded 1/2 PVC",0,0,0,"2025-02-27 05:54:20.250337","2025-02-27 05:54:20.250340",3,19
03-100,"End Cap 1" GI",0,0,0,"2025-02-27 05:54:20.255842","2025-02-27 05:54:20.255845",3,19
03-101,"End Cap 1/2 GI",0,0,0,"2025-02-27 05:54:20.261527","2025-02-27 05:54:20.261531",3,19
03-102,"End Cap 2"  GI",0,0,0,"2025-02-27 05:54:20.266748","2025-02-27 05:54:20.266753",3,19
03-103,"End Cap 2" HDPE",0,0,0,"2025-02-27 05:54:20.272252","2025-02-27 05:54:20.272257",3,19
03-104,"End Cap 3" GI",0,0,0,"2025-02-27 05:54:20.277099","2025-02-27 05:54:20.277102",3,19
03-105,"End Cap 3" HDPE",0,0,0,"2025-02-27 05:54:20.282320","2025-02-27 05:54:20.282323",3,19
03-106,"End Cap 3/4 GI",0,0,0,"2025-02-27 05:54:20.287742","2025-02-27 05:54:20.287745",3,19
03-107,"End Cap 4 GI",0,0,0,"2025-02-27 05:54:20.293792","2025-02-27 05:54:20.293797",3,19
03-108,"End Cap 6"",0,0,0,"2025-02-27 05:54:20.298852","2025-02-27 05:54:20.298859",3,19
03-109,"End Cap 8"",0,0,0,"2025-02-27 05:54:20.303907","2025-02-27 05:54:20.303910",3,19
03-110,"End Plug 1" GI",0,0,0,"2025-02-27 05:54:20.308824","2025-02-27 05:54:20.308827",3,19
03-111,"End Plug 1/2 GI",0,0,0,"2025-02-27 05:54:20.313747","2025-02-27 05:54:20.313754",3,19
03-112,"End Plug 2" GI",0,0,0,"2025-02-27 05:54:20.318685","2025-02-27 05:54:20.318688",3,19
03-113,"End Plug 3 GI",0,0,0,"2025-02-27 05:54:20.323845","2025-02-27 05:54:20.323848",3,19
03-114,"End Plug 3/4 GI",0,0,0,"2025-02-27 05:54:20.329766","2025-02-27 05:54:20.329770",3,19
03-115,"End Plug 4 GI",0,0,0,"2025-02-27 05:54:20.335436","2025-02-27 05:54:20.335444",3,19
03-116,"Sleeve-Type Coupling 8"",0,0,0,"2025-02-27 05:54:20.341929","2025-02-27 05:54:20.341934",3,19
03-117,"Fabricated Elbow 3"",0,0,0,"2025-02-27 05:54:20.347452","2025-02-27 05:54:20.347460",3,19
03-118,"Fabricated Elbow 4"",0,0,0,"2025-02-27 05:54:20.352972","2025-02-27 05:54:20.352975",3,19
03-119,"Fabricated Elbow 6",0,0,0,"2025-02-27 05:54:20.358758","2025-02-27 05:54:20.358762",3,19
03-120,"Fabricated Reducer 3 x 2",0,0,0,"2025-02-27 05:54:20.364375","2025-02-27 05:54:20.364381",3,19
03-121,"Fabricated Tee 3 x 2",0,0,0,"2025-02-27 05:54:20.369890","2025-02-27 05:54:20.369895",3,19
03-122,"Fabricated Tee 3",0,0,0,"2025-02-27 05:54:20.374653","2025-02-27 05:54:20.374656",3,19
03-123,"Fabricated Tee 4 x 2",0,0,0,"2025-02-27 05:54:20.380087","2025-02-27 05:54:20.380090",3,19
03-124,"Fabricated Tee 4 x 3",0,0,0,"2025-02-27 05:54:20.385630","2025-02-27 05:54:20.385637",3,19
03-125,"Fabricated Tee 4",0,0,0,"2025-02-27 05:54:20.391643","2025-02-27 05:54:20.391647",3,19
03-126,"Fabricated Tee 6 x 2",0,0,0,"2025-02-27 05:54:20.396829","2025-02-27 05:54:20.396835",3,19
03-127,"Fabricated Tee 6 x 3",0,0,0,"2025-02-27 05:54:20.401730","2025-02-27 05:54:20.401733",3,19
03-128,"Fabricated Tee 6 x 4",0,0,0,"2025-02-27 05:54:20.407396","2025-02-27 05:54:20.407400",3,19
03-129,"Fabricated Tee 6",0,0,0,"2025-02-27 05:54:20.412607","2025-02-27 05:54:20.412611",3,19
03-130,"Fabricated Tee 8 x 2",0,0,0,"2025-02-27 05:54:20.417571","2025-02-27 05:54:20.417581",3,19
03-131,"Fabricated Tee 8 x 3",0,0,0,"2025-02-27 05:54:20.423576","2025-02-27 05:54:20.423580",3,19
03-132,"Fabricated Tee 8",0,0,0,"2025-02-27 05:54:20.429239","2025-02-27 05:54:20.429242",3,19
03-133,"Female Adaptor 1/2" PVC",0,0,0,"2025-02-27 05:54:20.434789","2025-02-27 05:54:20.434793",3,19
03-134,"Female Elbow 1" HDPE",0,0,0,"2025-02-27 05:54:20.440519","2025-02-27 05:54:20.440526",3,19
03-135,"Female Elbow 1/2 HDPE",0,0,0,"2025-02-27 05:54:20.447551","2025-02-27 05:54:20.447556",3,19
03-136,"Female Elbow 2" HDPE",0,0,0,"2025-02-27 05:54:20.452949","2025-02-27 05:54:20.452959",3,19
03-137,"Female Elbow 3 HDPE",0,0,0,"2025-02-27 05:54:20.458673","2025-02-27 05:54:20.458677",3,19
03-138,"Female Elbow 3/4 HDPE - NLC- PBP",0,0,0,"2025-02-27 05:54:20.464184","2025-02-27 05:54:20.464187",3,19
03-139,"Flange 2"",0,0,0,"2025-02-27 05:54:20.470277","2025-02-27 05:54:20.470282",3,19
03-140,"Flange 3" ( 8 hole )",0,0,0,"2025-02-27 05:54:20.475947","2025-02-27 05:54:20.475951",3,19
03-141,"Flange 6"",0,0,0,"2025-02-27 05:54:20.481258","2025-02-27 05:54:20.481263",3,19
03-142,"Flange 8"",0,0,0,"2025-02-27 05:54:20.487558","2025-02-27 05:54:20.487563",3,19
03-143,"Gasket 1/2"",0,0,0,"2025-02-27 05:54:20.494334","2025-02-27 05:54:20.494340",3,19
03-144,"Gasket 3" - LOCAL",0,0,0,"2025-02-27 05:54:20.500137","2025-02-27 05:54:20.500142",3,19
03-145,"Gasket 3/4 "",0,0,0,"2025-02-27 05:54:20.506122","2025-02-27 05:54:20.506127",3,19
03-146,"Gasket 8"",0,0,0,"2025-02-27 05:54:20.512669","2025-02-27 05:54:20.512673",3,19
03-147,"Gate Valve 1" Brass",0,0,0,"2025-02-27 05:54:20.518652","2025-02-27 05:54:20.518656",3,19
03-148,"Gate Valve 1/2" Brass",0,0,0,"2025-02-27 05:54:20.524194","2025-02-27 05:54:20.524197",3,19
03-149,"Gate Valve 2" Brass",0,0,0,"2025-02-27 05:54:20.529937","2025-02-27 05:54:20.529942",3,19
03-150,"Gate Valve 2" Flange",0,0,0,"2025-02-27 05:54:20.535094","2025-02-27 05:54:20.535099",3,19
03-151,"Gate Valve 2" Mechanical",0,0,0,"2025-02-27 05:54:20.540968","2025-02-27 05:54:20.540973",3,19
03-152,"Gate Valve 3" Mechanical",0,0,0,"2025-02-27 05:54:20.547056","2025-02-27 05:54:20.547060",3,19
03-153,"Gate Valve 3" Brass",0,0,0,"2025-02-27 05:54:20.552966","2025-02-27 05:54:20.552970",3,19
03-154,"Gate Valve 3" Flange- DI (BOHAI)",0,0,0,"2025-02-27 05:54:20.559086","2025-02-27 05:54:20.559090",3,19
03-155,"Gate Valve 3/4" Brass",0,0,0,"2025-02-27 05:54:20.564958","2025-02-27 05:54:20.564963",3,19
03-156,"Gate Valve 4" Flange",0,0,0,"2025-02-27 05:54:20.571633","2025-02-27 05:54:20.571638",3,19
03-157,"Gate Valve 4" Mechanical",0,0,0,"2025-02-27 05:54:20.577760","2025-02-27 05:54:20.577768",3,19
03-158,"Gate Valve 6" Brass",0,0,0,"2025-02-27 05:54:20.583432","2025-02-27 05:54:20.583436",3,19
03-159,"Gate Valve 6" Flange",0,0,0,"2025-02-27 05:54:20.589189","2025-02-27 05:54:20.589193",3,19
03-160,"Gate Valve 6" Mechanical",0,0,0,"2025-02-27 05:54:20.595430","2025-02-27 05:54:20.595435",3,19
03-161,"Gate Valve 8" Mechanical",0,0,0,"2025-02-27 05:54:20.601565","2025-02-27 05:54:20.601570",3,19
03-162,"GiBault 2"",0,0,0,"2025-02-27 05:54:20.607513","2025-02-27 05:54:20.607518",3,19
03-163,"GiBault 3"",0,0,0,"2025-02-27 05:54:20.613372","2025-02-27 05:54:20.613377",3,19
03-164,"GiBault 4"",0,0,0,"2025-02-27 05:54:20.619062","2025-02-27 05:54:20.619069",3,19
03-165,"GiBault 6"",0,0,0,"2025-02-27 05:54:20.624882","2025-02-27 05:54:20.624887",3,19
03-166,"GiBault 8"",0,0,0,"2025-02-27 05:54:20.631209","2025-02-27 05:54:20.631213",3,19
03-167,"Gate Valve 2" Flange Type CI",0,0,0,"2025-02-27 05:54:20.637127","2025-02-27 05:54:20.637131",3,19
03-168,"Gate Valve 3" Flange Type CI",0,0,0,"2025-02-27 05:54:20.642906","2025-02-27 05:54:20.642909",3,19
03-169,"Gate Valve 4" Flange Type CI",0,0,0,"2025-02-27 05:54:20.648210","2025-02-27 05:54:20.648215",3,19
03-170,"Mechanical Flange 3" - LOCAL",0,0,0,"2025-02-27 05:54:20.652868","2025-02-27 05:54:20.652871",3,19
03-171,"Mechanical Flange 4"- LOCAL",0,0,0,"2025-02-27 05:54:20.659013","2025-02-27 05:54:20.659016",3,19
03-172,"Male Adaptor 1" HDPE",0,0,0,"2025-02-27 05:54:20.664372","2025-02-27 05:54:20.664375",3,19
03-173,"Male Adaptor 1" PVC",0,0,0,"2025-02-27 05:54:20.669581","2025-02-27 05:54:20.669585",3,19
03-174,"Male Adaptor 1/2" HDPE",0,0,0,"2025-02-27 05:54:20.674099","2025-02-27 05:54:20.674103",3,1
03-175,"Male Adaptor 1/2" PVC",0,0,0,"2025-02-27 05:54:20.679370","2025-02-27 05:54:20.679373",3,1
03-176,"Male Adaptor 2" HDPE- FISH",0,0,0,"2025-02-27 05:54:20.685167","2025-02-27 05:54:20.685175",3,19
03-177,"Male Adaptor 2" PVC",0,0,0,"2025-02-27 05:54:20.690779","2025-02-27 05:54:20.690782",3,19
03-178,"Male Adaptor 3"",0,0,0,"2025-02-27 05:54:20.695730","2025-02-27 05:54:20.695738",3,19
03-179,"Male Adaptor 3/4 HDPE - FISH",0,0,0,"2025-02-27 05:54:20.700814","2025-02-27 05:54:20.700817",3,19
03-180,"Male Adaptor 3/4" PVC",0,0,0,"2025-02-27 05:54:20.706169","2025-02-27 05:54:20.706171",3,19
03-181,"Mechanical Elbow 2" 90 deg.",0,0,0,"2025-02-27 05:54:20.711239","2025-02-27 05:54:20.711242",3,19
03-182,"Mechanical Elbow 3" 45 deg.",0,0,0,"2025-02-27 05:54:20.716830","2025-02-27 05:54:20.716839",3,19
03-183,"Mechanical Elbow 3" 90 deg.",0,0,0,"2025-02-27 05:54:20.722094","2025-02-27 05:54:20.722097",3,19
03-184,"Mechanical Elbow 4" 90 deg.",0,0,0,"2025-02-27 05:54:20.728310","2025-02-27 05:54:20.728314",3,19
03-185,"Mechanical Elbow 6" 45 deg.",0,0,0,"2025-02-27 05:54:20.733817","2025-02-27 05:54:20.733820",3,19
03-186,"Mechanical Elbow 6" 90 deg.",0,0,0,"2025-02-27 05:54:20.739112","2025-02-27 05:54:20.739115",3,19
03-187,"Mechanical End Cap 2"",0,0,0,"2025-02-27 05:54:20.744184","2025-02-27 05:54:20.744189",3,19
03-188,"Mechanical End Cap 4"",0,0,0,"2025-02-27 05:54:20.750225","2025-02-27 05:54:20.750228",3,19
03-189,"Mechanical Tee 2"",0,0,0,"2025-02-27 05:54:20.755617","2025-02-27 05:54:20.755620",3,19
03-190,"Mechanical Tee 3 x 3",0,0,0,"2025-02-27 05:54:20.760888","2025-02-27 05:54:20.760891",3,19
03-191,"Mechanical Tee 4 x 2 CI",0,0,0,"2025-02-27 05:54:20.766756","2025-02-27 05:54:20.766759",3,19
03-192,"Mechanical Tee 4 x 3",0,0,0,"2025-02-27 05:54:20.771985","2025-02-27 05:54:20.771991",3,19
03-193,"Mechanical Tee 4 x 4",0,0,0,"2025-02-27 05:54:20.777309","2025-02-27 05:54:20.777314",3,19
03-194,"Mechanical Tee 6 x 2",0,0,0,"2025-02-27 05:54:20.782937","2025-02-27 05:54:20.782940",3,19
03-195,"Mechanical Tee 6 x 3",0,0,0,"2025-02-27 05:54:20.788024","2025-02-27 05:54:20.788028",3,19
03-196,"Mechanical Tee 6 x 4",0,0,0,"2025-02-27 05:54:20.793302","2025-02-27 05:54:20.793314",3,19
03-197,"Mechanical Tee 6"",0,0,0,"2025-02-27 05:54:20.798847","2025-02-27 05:54:20.798850",3,19
03-198,"Nipple 1 x 12 GI",0,0,0,"2025-02-27 05:54:20.804322","2025-02-27 05:54:20.804325",3,19
03-199,"Nipple 1 x 5 GI",0,0,0,"2025-02-27 05:54:20.810049","2025-02-27 05:54:20.810054",3,19
03-200,"Nipple 1 x 8 GI",0,0,0,"2025-02-27 05:54:20.815274","2025-02-27 05:54:20.815279",3,19
03-201,"Nipple 1" x 2" GI",0,0,0,"2025-02-27 05:54:20.819904","2025-02-27 05:54:20.819908",3,19
03-202,"Nipple 1" x 6" HDPE",0,0,0,"2025-02-27 05:54:20.825886","2025-02-27 05:54:20.825889",3,19
03-203,"Nipple 1" x 8" HDPE",0,0,0,"2025-02-27 05:54:20.831481","2025-02-27 05:54:20.831484",3,19
03-204,"Nipple 1/2 x 1 GI - FS",0,0,0,"2025-02-27 05:54:20.836642","2025-02-27 05:54:20.836646",3,19
03-205,"Nipple 1/2 x 12 GI",0,0,0,"2025-02-27 05:54:20.842255","2025-02-27 05:54:20.842259",3,19
03-206,"Nipple 1/2 x 16 GI",0,0,0,"2025-02-27 05:54:20.846913","2025-02-27 05:54:20.846916",3,19
03-207,"Nipple 1/2 x 2 GI - JB",0,0,0,"2025-02-27 05:54:20.855067","2025-02-27 05:54:20.855073",3,19
03-208,"Nipple 1/2 x 2" HDPE",0,0,0,"2025-02-27 05:54:20.860415","2025-02-27 05:54:20.860418",3,19
03-209,"Nipple 1/2 x 3 GI",0,0,0,"2025-02-27 05:54:20.865841","2025-02-27 05:54:20.865845",3,19
03-210,"Nipple 1/2 x 4 GI",0,0,0,"2025-02-27 05:54:20.871881","2025-02-27 05:54:20.871885",3,19
03-211,"Nipple 1/2 x 6 GI",0,0,0,"2025-02-27 05:54:20.877521","2025-02-27 05:54:20.877527",3,19
03-212,"Nipple 1/2 x 8 GI",0,0,0,"2025-02-27 05:54:20.882516","2025-02-27 05:54:20.882520",3,19
03-213,"Nipple 2 1/2 x 5 GI",0,0,0,"2025-02-27 05:54:20.887780","2025-02-27 05:54:20.887784",3,19
03-214,"Nipple 2 x 5 GI",0,0,0,"2025-02-27 05:54:20.892992","2025-02-27 05:54:20.892995",3,19
03-215,"Nipple 3 x 5 GI",0,0,0,"2025-02-27 05:54:20.898322","2025-02-27 05:54:20.898326",3,19
03-216,"Nipple 3/4 x 10 GI",0,0,0,"2025-02-27 05:54:20.904425","2025-02-27 05:54:20.904433",3,19
03-217,"Nipple 3/4 x 4 GI",0,0,0,"2025-02-27 05:54:20.910155","2025-02-27 05:54:20.910158",3,19
03-218,"Nipple 3/4 x 5 GI",0,0,0,"2025-02-27 05:54:20.916665","2025-02-27 05:54:20.916670",3,19
03-219,"Nipple 3/4 x 6 GI",0,0,0,"2025-02-27 05:54:20.922176","2025-02-27 05:54:20.922179",3,19
03-220,"Nipple 3/4 x 6 HDPE",0,0,0,"2025-02-27 05:54:20.927830","2025-02-27 05:54:20.927834",3,19
03-221,"Nipple 3/4 x 8 GI",0,0,0,"2025-02-27 05:54:20.933371","2025-02-27 05:54:20.933375",3,19
03-222,"Nipple 3/4 x 8 HDPE",0,0,0,"2025-02-27 05:54:20.938842","2025-02-27 05:54:20.938847",3,19
03-223,"Nipple 4 x 12 GI",0,0,0,"2025-02-27 05:54:20.944025","2025-02-27 05:54:20.944029",3,19
03-224,"Nipple 5 x 10 BI",0,0,0,"2025-02-27 05:54:20.949818","2025-02-27 05:54:20.949821",3,19
03-225,"Repair Clamp 2" HDPE",0,0,0,"2025-02-27 05:54:20.955079","2025-02-27 05:54:20.955082",3,19
03-226,"Repair Clamp 3" HDPE",0,0,0,"2025-02-27 05:54:20.960545","2025-02-27 05:54:20.960550",3,19
03-227,"Repair Clamp 4" HDPE - MIE",0,0,0,"2025-02-27 05:54:20.965712","2025-02-27 05:54:20.965715",3,19
03-228,"Repair Clamp 6" HDPE - MIE",0,0,0,"2025-02-27 05:54:20.970880","2025-02-27 05:54:20.970883",3,19
03-229,"Repair Clamp 8" HDPE - MIE",0,0,0,"2025-02-27 05:54:20.977195","2025-02-27 05:54:20.977200",3,19
03-230,"Saddle Clamp 2 x 1 GI",0,0,0,"2025-02-27 05:54:20.982793","2025-02-27 05:54:20.982796",3,19
03-231,"Saddle Clamp 2 x 1 HDPE",0,0,0,"2025-02-27 05:54:20.988383","2025-02-27 05:54:20.988391",3,19
03-232,"Saddle Clamp 2 x 3/4 GI",0,0,0,"2025-02-27 05:54:20.993954","2025-02-27 05:54:20.993960",3,19
03-233,"Saddle Clamp 3 x 1 GI",0,0,0,"2025-02-27 05:54:20.999036","2025-02-27 05:54:20.999039",3,19
03-234,"Saddle Clamp 3 x 3/4 GI",0,0,0,"2025-02-27 05:54:21.004377","2025-02-27 05:54:21.004380",3,19
03-235,"Saddle Clamp 4 x 1 GI",0,0,0,"2025-02-27 05:54:21.010769","2025-02-27 05:54:21.010774",3,19
03-236,"Saddle Clamp 4 x 3/4 GI",0,0,0,"2025-02-27 05:54:21.016681","2025-02-27 05:54:21.016684",3,19
03-237,"Saddle Clamp 4x2 GI",0,0,0,"2025-02-27 05:54:21.021524","2025-02-27 05:54:21.021529",3,19
03-238,"Saddle Clamp 6 x 1 GI",0,0,0,"2025-02-27 05:54:21.027051","2025-02-27 05:54:21.027055",3,19
03-239,"Saddle Clamp 6 x 1/2 GI",0,0,0,"2025-02-27 05:54:21.032275","2025-02-27 05:54:21.032278",3,19
03-240,"Saddle Clamp 6 x 2 GI",0,0,0,"2025-02-27 05:54:21.037591","2025-02-27 05:54:21.037595",3,19
03-241,"Saddle Clamp 6 x 3/4 GI",0,0,0,"2025-02-27 05:54:21.043531","2025-02-27 05:54:21.043536",3,19
03-242,"Saddle Clamp 6" x 1" HDPE",0,0,0,"2025-02-27 05:54:21.048450","2025-02-27 05:54:21.048453",3,19
03-243,"Saddle Clamp 8" x 1" HDPE",0,0,0,"2025-02-27 05:54:21.054077","2025-02-27 05:54:21.054088",3,19
03-244,"Saddle Clamp 8" x 1" GI",0,0,0,"2025-02-27 05:54:21.059854","2025-02-27 05:54:21.059857",3,19
03-245,"Saddle Clamp 8" x 2" - HDPE",0,0,0,"2025-02-27 05:54:21.065036","2025-02-27 05:54:21.065041",3,19
03-246,"Saddle Clamp 8" x 2" GI",0,0,0,"2025-02-27 05:54:21.072189","2025-02-27 05:54:21.072194",3,19
03-247,"Side Bolts 3/4 x 8",0,0,0,"2025-02-27 05:54:21.078021","2025-02-27 05:54:21.078026",3,19
03-248,"Sleeve-Type Coupling 2"",0,0,0,"2025-02-27 05:54:21.083693","2025-02-27 05:54:21.083697",3,19
03-249,"Sleeve-Type Coupling 3" DI pvc to pvc- PVMC",0,0,0,"2025-02-27 05:54:21.089864","2025-02-27 05:54:21.089867",3,19
03-250,"Sleeve-Type Coupling 4 x 2",0,0,0,"2025-02-27 05:54:21.096026","2025-02-27 05:54:21.096035",3,19
03-251,"Sleeve-Type Coupling 4" DI pvc to pvc- PVMC",0,0,0,"2025-02-27 05:54:21.102644","2025-02-27 05:54:21.102652",3,19
03-252,"STC (GI-PVC) 6" (GI to GI)",0,0,0,"2025-02-27 05:54:21.108449","2025-02-27 05:54:21.108452",3,19
03-253,"Sleeve-Type Coupling 6" DI (PVC to PVC)- PVMC",0,0,0,"2025-02-27 05:54:21.113966","2025-02-27 05:54:21.113971",3,19
03-254,"Stub End 2" HDPE",0,0,0,"2025-02-27 05:54:21.119846","2025-02-27 05:54:21.119854",3,19
03-255,"Stub End 3" HDPE",0,0,0,"2025-02-27 05:54:21.126376","2025-02-27 05:54:21.126383",3,19
03-256,"Stub End 4" HDPE",0,0,0,"2025-02-27 05:54:21.131512","2025-02-27 05:54:21.131516",3,19
03-257,"Stub End 6" HDPE",0,0,0,"2025-02-27 05:54:21.136934","2025-02-27 05:54:21.136937",3,19
03-258,"Stub End 8" HDPE",0,0,0,"2025-02-27 05:54:21.142017","2025-02-27 05:54:21.142021",3,19
03-259,"Tee 1" GI",0,0,0,"2025-02-27 05:54:21.147446","2025-02-27 05:54:21.147454",3,19
03-260,"Tee 1" HDPE",0,0,0,"2025-02-27 05:54:21.152571","2025-02-27 05:54:21.152574",3,19
03-261,"Tee 1/2" GI",0,0,0,"2025-02-27 05:54:21.157667","2025-02-27 05:54:21.157671",3,1
03-262,"Tee 1/2" HDPE",0,0,0,"2025-02-27 05:54:21.164129","2025-02-27 05:54:21.164132",3,1
03-263,"Tee 1/2" PVC",0,0,0,"2025-02-27 05:54:21.169521","2025-02-27 05:54:21.169526",3,1
03-264,"Tee 2" Flange",0,0,0,"2025-02-27 05:54:21.174907","2025-02-27 05:54:21.174913",3,19
03-265,"Tee 2" HDPE",0,0,0,"2025-02-27 05:54:21.180506","2025-02-27 05:54:21.180509",3,19
03-266,"Tee 3" Flange",0,0,0,"2025-02-27 05:54:21.186094","2025-02-27 05:54:21.186097",3,19
03-267,"Tee 3" GI",0,0,0,"2025-02-27 05:54:21.191409","2025-02-27 05:54:21.191413",3,19
03-268,"Tee 3" HDPE",0,0,0,"2025-02-27 05:54:21.196887","2025-02-27 05:54:21.196891",3,19
03-269,"Tee 3/4" GI",0,0,0,"2025-02-27 05:54:21.201674","2025-02-27 05:54:21.201677",3,1
03-270,"Tee 3/4"HDPE",0,0,0,"2025-02-27 05:54:21.207015","2025-02-27 05:54:21.207018",3,1
03-271,"Tee 4" HDPE",0,0,0,"2025-02-27 05:54:21.212584","2025-02-27 05:54:21.212587",3,19
03-272,"Tee Reducer 1 x 3/4 GI",0,0,0,"2025-02-27 05:54:21.218223","2025-02-27 05:54:21.218228",3,19
03-273,"Tee Reducer 1" x 1/2 GI",0,0,0,"2025-02-27 05:54:21.223869","2025-02-27 05:54:21.223874",3,19
03-274,"Tee Reducer 1/2 x 3/4 GI",0,0,0,"2025-02-27 05:54:21.229382","2025-02-27 05:54:21.229385",3,19
03-275,"Tee Reducer 3 x 2 HDPE",0,0,0,"2025-02-27 05:54:21.234631","2025-02-27 05:54:21.234635",3,19
03-276,"Tee Reducer 4 x 2 HDPE",0,0,0,"2025-02-27 05:54:21.240438","2025-02-27 05:54:21.240443",3,19
03-277,"Tee Reducer 4 x 3 HDPE- FISH",0,0,0,"2025-02-27 05:54:21.245914","2025-02-27 05:54:21.245918",3,19
03-278,"Tee 6" Flange",0,0,0,"2025-02-27 05:54:21.251488","2025-02-27 05:54:21.251497",3,19
03-279,"Tee 6 x 4  Mechanical CI",0,0,0,"2025-02-27 05:54:21.257218","2025-02-27 05:54:21.257222",3,19
03-280,"Valve Cover - 4" GI",0,0,0,"2025-02-27 05:54:21.262595","2025-02-27 05:54:21.262598",3,19
03-281,"Valve Cover - 6" G.I.",0,0,0,"2025-02-27 05:54:21.267863","2025-02-27 05:54:21.267867",3,19
03-282,"Y-connector with ferrul 3/4"",0,0,0,"2025-02-27 05:54:21.274405","2025-02-27 05:54:21.274410",3,19
03-283,"Y-Strainer 2"",0,0,0,"2025-02-27 05:54:21.279837","2025-02-27 05:54:21.279842",3,19
03-284,"Y-Strainer 3"",0,0,0,"2025-02-27 05:54:21.284541","2025-02-27 05:54:21.284544",3,19
03-285,"Y-Strainer 4"",0,0,0,"2025-02-27 05:54:21.290323","2025-02-27 05:54:21.290326",3,19
03-286,"Y-Strainer 6" Flange",0,0,0,"2025-02-27 05:54:21.295683","2025-02-27 05:54:21.295687",3,19
03-287,"Elbow 6 x 45 deg (sched 80) GI",0,0,0,"2025-02-27 05:54:21.301277","2025-02-27 05:54:21.301282",3,19
03-288,"Elbow 6 x 90 deg (sched 80) GI",0,0,0,"2025-02-27 05:54:21.306927","2025-02-27 05:54:21.306933",3,19
03-289,"STC (GI-HDPE) 6" - BLACK",0,0,0,"2025-02-27 05:54:21.312364","2025-02-27 05:54:21.312367",3,19
03-290,"STC (GI-PVC) 2"",0,0,0,"2025-02-27 05:54:21.317718","2025-02-27 05:54:21.317721",3,19
03-291,"STC (GI-PVC) 4"",0,0,0,"2025-02-27 05:54:21.323345","2025-02-27 05:54:21.323348",3,19
03-292,"Checkvalve 3" GI",0,0,0,"2025-02-27 05:54:21.328401","2025-02-27 05:54:21.328406",3,19
03-293,"Cross Tee Fabricated HDPE 4"",0,0,0,"2025-02-27 05:54:21.333771","2025-02-27 05:54:21.333774",3,19
03-294,"Cross Tee HDPE 3"",0,0,0,"2025-02-27 05:54:21.338923","2025-02-27 05:54:21.338926",3,19
03-295,"Cross Tee HDPE 4x3",0,0,0,"2025-02-27 05:54:21.344798","2025-02-27 05:54:21.344802",3,19
03-296,"Cross Tee HDPE 6x3",0,0,0,"2025-02-27 05:54:21.350228","2025-02-27 05:54:21.350231",3,19
03-297,"Cross Tee HDPE 6x4",0,0,0,"2025-02-27 05:54:21.355171","2025-02-27 05:54:21.355181",3,19
03-298,"Mechanical Elbow 8" 90 deg.",0,0,0,"2025-02-27 05:54:21.360305","2025-02-27 05:54:21.360308",3,19
03-299,"Mechanical Elbow 8" 90 deg.",0,0,0,"2025-02-27 05:54:21.365901","2025-02-27 05:54:21.365904",3,19
03-300,"Nipple 1"x24" GI (sched 80)",0,0,0,"2025-02-27 05:54:21.371168","2025-02-27 05:54:21.371171",3,19
03-301,"Coupling Reducer 1" x 3/4" HDPE",0,0,0,"2025-02-27 05:54:21.376628","2025-02-27 05:54:21.376637",3,19
03-302,"Tee w/ Thread 1/2",0,0,0,"2025-02-27 05:54:21.381937","2025-02-27 05:54:21.381940",3,19
03-303,"Elbow 4 x 90 sched80",0,0,0,"2025-02-27 05:54:21.387227","2025-02-27 05:54:21.387230",3,19
03-304,"STC 4" ( GI to HDPE) DI - BLUE",0,0,0,"2025-02-27 05:54:21.393026","2025-02-27 05:54:21.393030",3,19
03-305,"Cross Tee HDPE 3 x 2 - fabricated",0,0,0,"2025-02-27 05:54:21.398563","2025-02-27 05:54:21.398567",3,19
03-306,"STC 3" (GI to HDPE)",0,0,0,"2025-02-27 05:54:21.403941","2025-02-27 05:54:21.403947",3,19
03-307,"Elbow 3" GI 90deg (sched 80)",0,0,0,"2025-02-27 05:54:21.409893","2025-02-27 05:54:21.409896",3,19
03-308,"STC 8"",0,0,0,"2025-02-27 05:54:21.415189","2025-02-27 05:54:21.415192",3,19
03-309,"Elbow 3" 45 deg. (schd.80)",0,0,0,"2025-02-27 05:54:21.421316","2025-02-27 05:54:21.421320",3,19
03-310,"Gate Valve Flange type 8" w/ bang",0,0,0,"2025-02-27 05:54:21.427700","2025-02-27 05:54:21.427703",3,19
03-311,"Nipple 1/2 x 5",0,0,0,"2025-02-27 05:54:21.433168","2025-02-27 05:54:21.433173",3,19
03-312,"Elbow 8 x 90 deg. - HDPE",0,0,0,"2025-02-27 05:54:21.439671","2025-02-27 05:54:21.439676",3,19
03-313,"Coupling Reducer 8 x 6 - HDPE",0,0,0,"2025-02-27 05:54:21.444308","2025-02-27 05:54:21.444311",3,19
03-314,"Fabricated Coupling 6 x 8",0,0,0,"2025-02-27 05:54:21.450360","2025-02-27 05:54:21.450363",3,19
03-315,"Check Valve 3/4- Brass",0,0,0,"2025-02-27 05:54:21.457497","2025-02-27 05:54:21.457501",3,19
03-316,"Valve Cover 6" HDPE",0,0,0,"2025-02-27 05:54:21.462877","2025-02-27 05:54:21.462880",3,19
03-317,"Fabricated Elbow 4 x 90 deg. HDPE",0,0,0,"2025-02-27 05:54:21.468414","2025-02-27 05:54:21.468420",3,19
03-318,"Fabricated Elbow 6 x 90 deg. HDPE",0,0,0,"2025-02-27 05:54:21.474167","2025-02-27 05:54:21.474171",3,19
03-319,"Fabricated Elbow 8 x 45 deg. HDPE",0,0,0,"2025-02-27 05:54:21.479258","2025-02-27 05:54:21.479261",3,19
03-320,"Coupling Reducer 8 x 4 - HDPE ( Fabricated)",0,0,0,"2025-02-27 05:54:21.485502","2025-02-27 05:54:21.485507",3,19
03-321,"Coupling Reducer 8 x 6 - HDPE ( Fabricated)",0,0,0,"2025-02-27 05:54:21.492081","2025-02-27 05:54:21.492084",3,19
03-322,"Gasket- 6"",0,0,0,"2025-02-27 05:54:21.497863","2025-02-27 05:54:21.497874",3,19
03-323,"DI Gate Valve Flange Type 8"",0,0,0,"2025-02-27 05:54:21.504315","2025-02-27 05:54:21.504318",3,19
03-324,"Bolt and nut 5/8 x 8- Full Thread",0,0,0,"2025-02-27 05:54:21.510459","2025-02-27 05:54:21.510465",3,19
03-325,"Full thread 3/4 x 10 ft.",0,0,0,"2025-02-27 05:54:21.516519","2025-02-27 05:54:21.516523",3,19
03-326,"Bell Reducer 5 x 4 GI",0,0,0,"2025-02-27 05:54:21.521665","2025-02-27 05:54:21.521672",3,19
03-327,"Tee 4" Flange type CI",0,0,0,"2025-02-27 05:54:21.527522","2025-02-27 05:54:21.527525",3,19
03-328,"Nut GI - 5/8"- LOCAL",0,0,0,"2025-02-27 05:54:21.534290","2025-02-27 05:54:21.534293",3,19
03-329,"Bell Reducer GI 1/2 x 3/4 - JB",0,0,0,"2025-02-27 05:54:21.539977","2025-02-27 05:54:21.539980",3,19
03-330,"End Cap 3/4 GI - MECH",0,0,0,"2025-02-27 05:54:21.545853","2025-02-27 05:54:21.545862",3,19
03-331,"End Plug 3/4 GI - JB",0,0,0,"2025-02-27 05:54:21.551517","2025-02-27 05:54:21.551522",3,19
03-332,"End Plug 1"GI - JB",0,0,0,"2025-02-27 05:54:21.558345","2025-02-27 05:54:21.558350",3,19
03-333,"Nipple 3/4 x 5 GI - JB",0,0,0,"2025-02-27 05:54:21.564004","2025-02-27 05:54:21.564010",3,19
03-334,"Nipple 3/4 x 8 GI - FS",0,0,0,"2025-02-27 05:54:21.569365","2025-02-27 05:54:21.569369",3,19
03-335,"Nipple 1 x 5 GI - AKUA",0,0,0,"2025-02-27 05:54:21.574934","2025-02-27 05:54:21.574937",3,19
03-336,"Nipple 1 x 8 GI - AKUA",0,0,0,"2025-02-27 05:54:21.580421","2025-02-27 05:54:21.580425",3,19
03-337,"Saddle Clamp 3 x 3/4 DI - PV",0,0,0,"2025-02-27 05:54:21.585898","2025-02-27 05:54:21.585902",3,19
03-338,"Saddle Clamp 6 x 1 DI - PV",0,0,0,"2025-02-27 05:54:21.591280","2025-02-27 05:54:21.591288",3,19
03-339,"Sleeve-Type Coupling 3" DI pvc to pvc- BOHAI",0,0,0,"2025-02-27 05:54:21.596707","2025-02-27 05:54:21.596710",3,19
03-340,"Sleeve-Type Coupling 4" DI pvc to pvc- BOHAI",0,0,0,"2025-02-27 05:54:21.602160","2025-02-27 05:54:21.602163",3,19
03-341,"Sleeve-Type Coupling 6" DI (PVC to PVC)- BOHAI",0,0,0,"2025-02-27 05:54:21.607459","2025-02-27 05:54:21.607464",3,19
03-342,"Male Adaptor 3/4 nlc- PBP",0,0,0,"2025-02-27 05:54:21.612877","2025-02-27 05:54:21.612885",3,19
03-343,"Male Adaptor 1 nlc- PBP",0,0,0,"2025-02-27 05:54:21.619285","2025-02-27 05:54:21.619291",3,19
03-344,"PVC Pipe 1/2 w/ hub- NELTEX",0,0,0,"2025-02-27 05:54:21.624863","2025-02-27 05:54:21.624866",3,19
03-345,"Male Adaptor 1/2 PVC- TIAN BLUE",0,0,0,"2025-02-27 05:54:21.630395","2025-02-27 05:54:21.630399",3,19
03-346,"Coupling 1/2 PVC- TIAN BLUE",0,0,0,"2025-02-27 05:54:21.636360","2025-02-27 05:54:21.636364",3,19
03-347,"Elbow Plain 1/2 PVC- TIAN BLUE",0,0,0,"2025-02-27 05:54:21.642395","2025-02-27 05:54:21.642398",3,19
03-348,"Repair Clamp 2" HDPE -MIE",0,0,0,"2025-02-27 05:54:21.648604","2025-02-27 05:54:21.648609",3,19
03-349,"Repair Clamp 3" HDPE -MIE",0,0,0,"2025-02-27 05:54:21.655322","2025-02-27 05:54:21.655327",3,19
03-350,"Tee Reducer 1 x 3/4 GI - JB",0,0,0,"2025-02-27 05:54:21.661405","2025-02-27 05:54:21.661410",3,19
03-351,"Tee 3/4 GI - JB",0,0,0,"2025-02-27 05:54:21.667007","2025-02-27 05:54:21.667011",3,19
03-352,"Nipple 1/2 x 1 GI - MICRO",0,0,0,"2025-02-27 05:54:21.672841","2025-02-27 05:54:21.672845",3,19
03-353,"Nipple 1/2 x 2 GI - MICRO",0,0,0,"2025-02-27 05:54:21.678979","2025-02-27 05:54:21.678984",3,19
03-354,"Coupling 1" HDPE - FISH",0,0,0,"2025-02-27 05:54:21.685345","2025-02-27 05:54:21.685349",3,19
03-355,"Female Elbow 1/2 HDPE- PBP",0,0,0,"2025-02-27 05:54:21.691290","2025-02-27 05:54:21.691294",3,19
03-356,"DI Sleeve type coupling pvc-pvc 4"- HIWA",0,0,0,"2025-02-27 05:54:21.697156","2025-02-27 05:54:21.697161",3,19
03-357,"DI Sleeve type coupling pvc-pvc 6"-HIWA",0,0,0,"2025-02-27 05:54:21.703327","2025-02-27 05:54:21.703331",3,19
03-358,"CI Sleeve Type coupling pvc- GI 6"- CMI",0,0,0,"2025-02-27 05:54:21.709461","2025-02-27 05:54:21.709466",3,19
03-359,"Flow meter 4" Paddle Wheel Type- ZENNER",0,0,0,"2025-02-27 05:54:21.715255","2025-02-27 05:54:21.715259",3,19
03-360,"Flow meter 6" Paddle Wheel Type- ZENNER",0,0,0,"2025-02-27 05:54:21.721026","2025-02-27 05:54:21.721030",3,19
03-361,"GASKET 4- LOCAL",0,0,0,"2025-02-27 05:54:21.726699","2025-02-27 05:54:21.726703",3,19
03-362,"STC 4" ( GI to GI)- CMI",0,0,0,"2025-02-27 05:54:21.732994","2025-02-27 05:54:21.732998",3,19
03-363,"Check Valve 1/2 Brass- ACE",0,0,0,"2025-02-27 05:54:21.738850","2025-02-27 05:54:21.738854",3,19
03-364,"Ball Valve 1/2 Lockwing -ACE",0,0,0,"2025-02-27 05:54:21.746106","2025-02-27 05:54:21.746113",3,19
03-365,"Nipple 1/2 x 12 GI - JB",0,0,0,"2025-02-27 05:54:21.752624","2025-02-27 05:54:21.752629",3,19
03-366,"Male Adaptor 1/2 HDPE- PBP",0,0,0,"2025-02-27 05:54:21.759039","2025-02-27 05:54:21.759043",3,19
04-001,"Pipe 1" HDPE- MIG",0,0,0,"2025-02-27 05:54:21.766375","2025-02-27 05:54:21.766379",4,19
04-002,"Pipe 1" PVC",0,0,0,"2025-02-27 05:54:21.773069","2025-02-27 05:54:21.773073",4,14
04-003,"Pipe 1/2 HDPE - MIG",0,0,0,"2025-02-27 05:54:21.779124","2025-02-27 05:54:21.779147",4,14
04-004,"Pipe 1/2 PVC",0,0,0,"2025-02-27 05:54:21.784917","2025-02-27 05:54:21.784921",4,14
04-005,"Pipe 2" HDPE",0,0,0,"2025-02-27 05:54:21.791343","2025-02-27 05:54:21.791347",4,14
04-006,"Pipe 3" HDPE",0,0,0,"2025-02-27 05:54:21.797917","2025-02-27 05:54:21.797922",4,14
04-007,"Pipe 3" RISER PIPE",0,0,0,"2025-02-27 05:54:21.804111","2025-02-27 05:54:21.804114",4,14
04-008,"Pipe 3/4 HDPE - MIG",0,0,0,"2025-02-27 05:54:21.810524","2025-02-27 05:54:21.810529",4,19
04-009,"Pipe 4" HDPE",0,0,0,"2025-02-27 05:54:21.817446","2025-02-27 05:54:21.817450",4,14
04-010,"Pipe 4" PVC",0,0,0,"2025-02-27 05:54:21.823008","2025-02-27 05:54:21.823011",4,14
04-011,"Pipe 4" RISER HDPE",0,0,0,"2025-02-27 05:54:21.828753","2025-02-27 05:54:21.828757",4,19
04-012,"Pipe 4" GI",0,0,0,"2025-02-27 05:54:21.833796","2025-02-27 05:54:21.833800",4,19
04-013,"Pipe 6" GI (sched 80)",0,0,0,"2025-02-27 05:54:21.839460","2025-02-27 05:54:21.839463",4,19
04-014,"Pipe 6" HDPE",0,0,0,"2025-02-27 05:54:21.845621","2025-02-27 05:54:21.845629",4,19
04-015,"Pipe 8" PVC",0,0,0,"2025-02-27 05:54:21.851373","2025-02-27 05:54:21.851376",4,19
04-016,"Pipe 10" PVC",0,0,0,"2025-02-27 05:54:21.856507","2025-02-27 05:54:21.856512",4,19
04-017,"Pipe RISER 4" GI",0,0,0,"2025-02-27 05:54:21.862312","2025-02-27 05:54:21.862318",4,19
04-018,"Pipe 3" GI (sched 80)",0,0,0,"2025-02-27 05:54:21.867587","2025-02-27 05:54:21.867590",4,19
04-019,"Pipe 8" - HDPE",0,0,0,"2025-02-27 05:54:21.872799","2025-02-27 05:54:21.872804",4,19
04-020,"Pipe 1 1/2 GI LSII",0,0,0,"2025-02-27 05:54:21.879002","2025-02-27 05:54:21.879007",4,19
04-021,"Pipe 1 1 /2 GI s20",0,0,0,"2025-02-27 05:54:21.884689","2025-02-27 05:54:21.884694",4,19
05-001,"Flow Meter 2"",0,0,0,"2025-02-27 05:54:21.890678","2025-02-27 05:54:21.890682",5,19
05-002,"Flow Meter 3"- ZENNER",0,0,0,"2025-02-27 05:54:21.895995","2025-02-27 05:54:21.896000",5,19
05-003,"Flow Meter 4"",0,0,0,"2025-02-27 05:54:21.901444","2025-02-27 05:54:21.901448",5,19
05-004,"Flow Meter 6"",0,0,0,"2025-02-27 05:54:21.907260","2025-02-27 05:54:21.907264",5,19
05-005,"Water Meter - Brass 1/2" - HYJET",0,0,0,"2025-02-27 05:54:21.912984","2025-02-27 05:54:21.912991",5,19
05-006,"Water Meter - Plastic 1/2",0,0,0,"2025-02-27 05:54:21.918567","2025-02-27 05:54:21.918572",5,19
05-007,"Water Meter 3/4 - Brass - ACE",0,0,0,"2025-02-27 05:54:21.923380","2025-02-27 05:54:21.923383",5,19
05-008,"Water Meter - Brass 1" - ACE",0,0,0,"2025-02-27 05:54:21.929319","2025-02-27 05:54:21.929322",5,19
05-009,"Water Meter - Brass 2"",0,0,0,"2025-02-27 05:54:21.935304","2025-02-27 05:54:21.935307",5,19
06-001,"Chemical Solution Tank 100L",0,0,0,"2025-02-27 05:54:21.941370","2025-02-27 05:54:21.941375",6,9
06-002,"Caution Tape",0,0,0,"2025-02-27 05:54:21.946645","2025-02-27 05:54:21.946650",6,19
06-003,"Fire Hydrant Head 2 1/2",0,0,0,"2025-02-27 05:54:21.951531","2025-02-27 05:54:21.951534",6,19
06-004,"Fire Hydrant Head 3 X 2 1/2",0,0,0,"2025-02-27 05:54:21.957966","2025-02-27 05:54:21.957971",6,19
06-005,"Pressure Gauge 0-60 PSI",0,0,0,"2025-02-27 05:54:21.963369","2025-02-27 05:54:21.963373",6,19
06-006,"Pressure Reducer Valve 3"",0,0,0,"2025-02-27 05:54:21.969468","2025-02-27 05:54:21.969471",6,19
06-007,"Pressure Reducer Valve 4"",0,0,0,"2025-02-27 05:54:21.975117","2025-02-27 05:54:21.975120",6,19
06-008,"Pressure Reducer Valve 6"",0,0,0,"2025-02-27 05:54:21.981620","2025-02-27 05:54:21.981625",6,19
06-009,"PVC Pipe Cement- ATLANTA",0,0,0,"2025-02-27 05:54:21.986578","2025-02-27 05:54:21.986581",6,19
06-010,Padlock,0,0,0,"2025-02-27 05:54:21.992793","2025-02-27 05:54:21.992796",6,19
06-011,"Hacksaw Blade 12" Sandflex",0,0,0,"2025-02-27 05:54:21.998336","2025-02-27 05:54:21.998340",6,19
06-012,"Teflon Tape - ROYAL",0,0,0,"2025-02-27 05:54:22.004139","2025-02-27 05:54:22.004144",6,19
06-013,"Pressure Gauge 100 PSI",0,0,0,"2025-02-27 05:54:22.010078","2025-02-27 05:54:22.010085",6,19
06-014,"Concrete Cutter Blade 14"",0,0,0,"2025-02-27 05:54:22.015930","2025-02-27 05:54:22.015934",6,19
06-015,"Chemical Solution Tank 200L",0,0,0,"2025-02-27 05:54:22.021354","2025-02-27 05:54:22.021360",6,9
06-016,"Pressure Gauge 300 PSI",0,0,0,"2025-02-27 05:54:22.026627","2025-02-27 05:54:22.026630",6,19
06-017,"GI Bolts & Nuts 5/8 5" (Fullthread)- LOCAL",0,0,0,"2025-02-27 05:54:22.032224","2025-02-27 05:54:22.032228",6,19
06-018,"Rubber O-ring 4" PVC sure lock riser pipe",0,0,0,"2025-02-27 05:54:22.038108","2025-02-27 05:54:22.038114",6,19
06-019,"Bolt & Nut  w/ washer",0,0,0,"2025-02-27 05:54:22.043698","2025-02-27 05:54:22.043703",6,19
06-020,"Bolt & Nut m-6 x 20 w/ washer",0,0,0,"2025-02-27 05:54:22.048755","2025-02-27 05:54:22.048764",6,19
06-021,"Lock Washer",0,0,0,"2025-02-27 05:54:22.054416","2025-02-27 05:54:22.054419",6,19
06-022,"PE Hose 4 x 6 - white",0,0,0,"2025-02-27 05:54:22.060350","2025-02-27 05:54:22.060353",6,20
06-023,"Bolt and Nut 3/4 x 4 -full thread",0,0,0,"2025-02-27 05:54:22.066021","2025-02-27 05:54:22.066028",6,19
06-024,"Cutting Disc 4"- BLUE SHARK",0,0,0,"2025-02-27 05:54:22.071993","2025-02-27 05:54:22.071997",6,19
06-025,"Cut Off 14"",0,0,0,"2025-02-27 05:54:22.076788","2025-02-27 05:54:22.076791",6,19
06-026,"Saddle Clamp w/ Ferrule - 8 x 1 - HDPE",0,0,0,"2025-02-27 05:54:22.083640","2025-02-27 05:54:22.083643",6,19
